name,chains,category,total24h,total7d,total30d,change_1d,change_7d,change_1m
Uniswap V4,"['Ethereum', 'OP Mainnet', 'Base', 'Arbitrum', 'Polygon', 'Blast', 'Zora', 'World Chain', 'Ink', 'Soneium', 'Avalanche', 'BSC', 'Unichain', 'Monad', 'X Layer', 'MegaETH', 'Robinhood Chain', 'Tempo', 'Celo', 'Arc']",Dexs,1672653639.0,9700469016.0,43783212000.0,9.3,36.29,4.33
Uniswap V3,"['Ethereum', 'Arbitrum', 'OP Mainnet', 'Polygon', 'Celo', 'ZKsync Era', 'Sei', 'Taiko', 'Scroll', 'Rootstock', 'Filecoin', 'Boba', 'Moonbeam', 'Manta', 'Mantle', 'Linea', 'BSC', 'Avalanche', 'Base', 'Polygon zkEVM', 'Blast', 'Gnosis', 'BOB', 'Lisk', 'Corn', 'Unichain', 'Hemi', 'Saga', 'LightLink', 'GOAT', 'XDC', 'Lens', 'Telos', 'World Chain', 'Nibiru', 'Plasma', 'Monad', 'Etherlink', 'Sonic', 'X Layer', 'Zora', 'Robinhood Chain', 'Ink', 'Tempo', '0G', 'Arc', 'Redbelly']",Dexs,1264769476.0,9265931250.0,47355904157.0,-11.9,-15.39,-36.89
Aerodrome Slipstream,['Base'],Dexs,707269982.0,3954668520.0,13880095964.0,8.22,40.63,68.65
PancakeSwap AMM V3,"['BSC', 'Ethereum', 'Polygon zkEVM', 'ZKsync Era', 'Arbitrum', 'Linea', 'Base', 'opBNB', 'Solana', 'Monad', 'Robinhood Chain']",Dexs,691681142.0,4245252755.0,20255047511.0,15.87,16.24,6.77
Kalshi,['Off Chain'],Prediction Market,481547487.0,3447695772.0,13665575548.0,8.24,3.29,24.81
Orca DEX,"['Solana', 'Eclipse']",Dexs,413681803.0,2439142172.0,8107989777.0,33.4,7.2,106.26
PumpSwap,['Solana'],Dexs,321134539.0,2315825407.0,13410122415.0,-13.48,-24.61,-68.55
PancakeSwap Infinity,"['BSC', 'Base']",Dexs,288216584.0,1804563482.0,7239736084.0,5.3,107.79,20.73
Tessera V,"['Solana', 'Base', 'BSC', 'Robinhood Chain']",Dexs,268712889.0,1192794138.0,5732058387.0,0.0,43.55,273.23
Raydium AMM,['Solana'],Dexs,259826097.0,1803542198.0,9459717899.0,-5.87,-12.46,122.03
BisonFi,['Solana'],Dexs,216857191.0,1754230218.0,9443459356.0,0.0,-33.85,11.58
Fluid DEX,"['Ethereum', 'Arbitrum', 'Polygon', 'Base', 'Plasma']",Dexs,184765337.0,1081497398.0,3657633904.0,-12.8,53.21,48.27
Meteora DLMM,['Solana'],Dexs,180659747.0,1297443533.0,6141034950.0,-7.6,-11.69,31.08
pump.fun,['Solana'],Launchpad,177456300.0,1001116916.0,3081592508.0,0.0,48.96,113.36
Hyperliquid Spot Orderbook,['Hyperliquid L1'],Dexs,171834644.0,890577713.0,4770792829.0,48.28,39.61,5.18
Manifest Trade,['Solana'],Dexs,165236685.0,981608447.0,3967223634.0,8.32,12.71,-3.74
fomo Wallet,['Solana'],Trading App,153948410.0,1131600071.0,7110053463.0,7.57,6.02,-52.68
Axiom,"['BSC', 'Solana', 'Robinhood Chain']",Trading App,147941859.0,640414396.0,2603117613.0,0.0,45.58,145.45
NEAR Intents,['Near'],Bridge,125036685.0,893900492.0,4653584945.0,0.0,-30.74,-12.7
Fables,['Robinhood Chain'],Dexs,119896031.0,713177317.0,2212594479.0,1.18,12.3,523.95
GMGN,"['Ethereum', 'Solana', 'Base', 'BSC', 'Monad', 'MegaETH', 'Hyperliquid L1', 'X Layer', 'Robinhood Chain', 'Arbitrum', 'Arc']",Trading App,116509739.0,664731089.0,6370343775.0,0.0,30.85,-76.27
Flashnet,['Spark'],Dexs,91415918.0,599152156.0,2631520468.0,4.61,-11.77,-2.45
Scorch,['Solana'],Dexs,91152041.0,619432902.0,2372710438.0,0.0,-6.46,127.7
GoonFi,['Solana'],Dexs,89397371.0,453513826.0,2289347088.0,0.0,4.81,85.63
Project X,['Hyperliquid L1'],Dexs,80718387.0,418882701.0,2049373910.0,13.77,33.23,17.93
Polymarket US,['Off Chain'],Prediction Market,79828795.0,612280285.0,2467808278.0,0.0,-18.64,54.06
Unit,['Hyperliquid L1'],Bridge,78051950.0,352357016.0,1914390066.0,124.24,43.59,26.49
Pharaoh DLMM,['Avalanche'],Dexs,76656916.0,488115855.0,1444693741.0,-8.14,304.85,369.32
Pharaoh V3,['Avalanche'],Dexs,73433533.0,436553301.0,1586981737.0,1.22,52.84,85.42
Polymarket International,['Polygon'],Prediction Market,69341141.0,490430811.0,2151168622.0,7.28,5.77,16.05
Ramses CL V2,"['Hyperliquid L1', 'Arbitrum', 'Polygon', 'Robinhood Chain']",Dexs,63313934.0,499905017.0,2881762672.0,-32.43,-5.99,-63.07
PancakeSwap AMM,"['BSC', 'Ethereum', 'Polygon zkEVM', 'ZKsync Era', 'Arbitrum', 'Linea', 'Base', 'opBNB', 'Aptos', 'Monad', 'Robinhood Chain']",Dexs,61203808.0,317171728.0,2349028097.0,-8.38,-17.87,-11.53
Jupiterz,['Solana'],Dexs,59172858.0,372639020.0,1732538952.0,0.0,6.28,18.55
FermiSwap,['Ethereum'],Dexs,56164295.0,241470491.0,1404094844.0,90.2,11.3,-18.71
Dexalot DEX,"['Avalanche', 'Dexalot', 'Arbitrum', 'Base', 'BSC']",Dexs,54210470.0,486502606.0,1399345989.0,22.78,-55.98,288.92
Metric V2,"['Ethereum', 'Arbitrum', 'BSC', 'Polygon', 'Avalanche', 'Base', 'MegaETH', 'Hyperliquid L1', 'Monad', 'Robinhood Chain']",Dexs,53467893.0,425144320.0,4184044544.0,-25.9,-29.67,-72.73
edgeX Spot,['edgeX L1'],Dexs,50418174.0,267860508.0,1265356866.0,32.55,13.58,37.72
QuantumAMM,['Solana'],Dexs,49013921.0,412550101.0,2270183539.0,0.0,-14.84,-12.86
Deriverse,['Solana'],Dexs,47936496.0,327779912.0,1412767225.0,1.05,15.19,56.06
SolFi V2,['Solana'],Dexs,47487023.0,187146335.0,935879099.0,0.0,55.23,116.93
Metric V1,"['Ethereum', 'Base', 'Robinhood Chain', 'Arbitrum', 'Monad', 'Hyperliquid L1', 'Polygon', 'MegaETH', 'BSC', 'Avalanche']",Dexs,45189885.0,325412192.0,973554458.0,-23.21,0.62,24.57
Uniswap V2,"['Ethereum', 'Arbitrum', 'Polygon', 'Base', 'OP Mainnet', 'BSC', 'Avalanche', 'Zora', 'Blast', 'Unichain', 'Monad', 'X Layer', 'Ink', 'Tempo', 'Robinhood Chain', 'Arc']",Dexs,42536774.0,219823964.0,1699057711.0,24.12,61.65,-10.56
HumidiFi,['Solana'],Dexs,42507231.0,244746955.0,3927069642.0,0.0,-33.17,
AlphaQ,['Solana'],Dexs,41592065.0,235966592.0,1530698581.0,0.0,-1.65,-6.77
0x,"['Ethereum', 'Polygon', 'BSC', 'OP Mainnet', 'Fantom', 'Celo', 'Avalanche', 'Arbitrum', 'Base', 'Hyperliquid L1', 'Robinhood Chain']",DEX Aggregator,39375801.0,290816821.0,976824883.0,-37.91,-33.82,19.67
SUNSwap V3,['Tron'],Dexs,38866555.0,255697091.0,1211476967.0,-22.57,-4.44,-6.21
ZeroFi,['Solana'],Dexs,34933003.0,34933003.0,34954882.0,0.0,,5221574.59
StonkFun,['Solana'],Launchpad,34119640.0,160553708.0,777461308.0,0.0,-15.29,
Flap sh,"['BSC', 'X Layer', 'Monad', 'Robinhood Chain']",Launchpad,31319472.0,153315676.0,610114345.0,6.73,132.43,88.21
Figure Markets Exchange,['Provenance'],OTC Marketplace,30826287.0,137083332.0,390154190.0,-46.29,47.07,87.13
Native Core CLOB,['Native Core'],Dexs,29612888.0,193971096.0,1271477918.0,24.62,-30.81,-30.7
Ekubo,"['Starknet', 'Ethereum', 'Robinhood Chain']",Dexs,28527394.0,162008571.0,1035192433.0,8.98,49.5,-64.49
Cetus CLMM,"['Aptos', 'Sui']",Dexs,26523098.0,176813601.0,565488926.0,10.62,-27.87,173.53
Jupiter Lend DEX,['Solana'],Dexs,25587529.0,129583965.0,581203628.0,6.66,74.55,-5.3
Native Swap,"['BSC', 'Ethereum', 'Polygon', 'Arbitrum', 'Avalanche', 'Mantle', 'Base', 'ZetaChain', 'Robinhood Chain', 'X Layer']",Dexs,23625540.0,152190817.0,908868480.0,30.54,-24.91,4.07
Angstrom,['Ethereum'],Dexs,22866535.0,116219431.0,390170344.0,44.26,47.47,143.49
pump.fun Mobile App,['Solana'],Interface,22811042.0,154596101.0,421801633.0,72.42,44.56,27.4
Pons V2,['Robinhood Chain'],Launchpad,22519034.0,180935682.0,2152317270.0,-6.87,-11.34,-81.38
Velodrome V3,"['OP Mainnet', 'Lisk', 'Fraxtal', 'Mode', 'Ink', 'Soneium', 'Unichain', 'Swellchain', 'Celo']",Dexs,22137155.0,127795401.0,591523760.0,7.24,15.66,18.58
Chainflip AMM,['Chainflip'],Dexs,22065415.0,214121643.0,544729935.0,0.26,-37.16,34.55
LaunchLab,['Solana'],Launchpad,21959300.0,80988470.0,391884327.0,0.0,20.83,8057.55
Topaz CL,"['BSC', 'Ethereum', 'Base', 'Robinhood Chain', 'Arc']",Dexs,21733468.0,100064959.0,635774635.0,35.18,9.28,38.33
Terminal,"['Base', 'Ethereum', 'BSC', 'Solana']",Telegram Bot,21668204.0,115252405.0,439198103.0,0.0,45.74,49.55
Meteora Dynamic Bonding Curve,['Solana'],Launchpad,20992935.0,122823373.0,470546927.0,4.31,128.85,72.06
Byreal,['Solana'],Dexs,20858224.0,104023385.0,604064620.0,47.57,24.62,106.75
up v3,['Robinhood Chain'],Dexs,20311013.0,177613039.0,1185753901.0,-12.66,-22.86,-70.04
ElfomoFi,"['Base', 'BSC', 'Robinhood Chain']",Dexs,19867551.0,124465402.0,495099029.0,22.08,13.36,25.6
Hanji Protocol,"['Etherlink', 'Base', 'Monad']",Dexs,19761512.0,141654400.0,588560760.0,-17.45,0.26,-7.31
Temple,['Canton'],Dexs,19499271.0,200005749.0,424675058.0,-2.71,-26.27,164.87
nest CL,['Hyperliquid L1'],Dexs,19166837.0,116356614.0,475399017.0,-0.72,2.11,89.27
RedotPay Card,"['Arbitrum', 'OP Mainnet', 'Base', 'Polygon', 'Ethereum', 'Avalanche', 'BSC', 'Tron']",Crypto Card Issuer,18746065.0,115999626.0,463869708.0,-3.82,16.77,7.11
THORChain DEX,['THORChain'],Dexs,17862327.0,1284309198.0,2373501418.0,-44.12,-91.76,-43.03
Aster Spot,['Off Chain'],Dexs,16547957.0,50045476.0,256290397.0,155.25,209.33,111.62
Legion,['Ethereum'],Launchpad,16469450.0,48652751.0,48652751.0,103.36,,
Pendle V2,"['Ethereum', 'Arbitrum', 'Mantle', 'BSC', 'OP Mainnet', 'Plasma', 'Base', 'Monad', 'Hyperliquid L1', 'Berachain', 'Sonic', 'X Layer', 'Robinhood Chain']",Yield,15887848.0,108622126.0,731146752.0,5.91,-27.37,64.79
Ondo Global Markets,"['Ethereum', 'BSC', 'Solana']",RWA,15119879.0,66765907.0,441280874.0,0.0,-6.61,-15.94
Ring Swap,"['Ethereum', 'Blast', 'BSC', 'Hyperliquid L1']",Dexs,14676009.0,59301091.0,296281773.0,101.94,95.04,110.57
DeepBook V3,['Sui'],Dexs,13041420.0,98194427.0,353979134.0,-1.41,-50.67,40.72
WOOFi Swap,"['BSC', 'Avalanche', 'Fantom', 'Polygon', 'Arbitrum', 'OP Mainnet', 'ZKsync Era', 'Polygon zkEVM', 'Linea', 'Base', 'Mantle', 'Sonic', 'Berachain', 'Solana', 'Hyperliquid L1', 'Monad']",Dexs,12885222.0,71195024.0,314170781.0,25.06,26.21,55.87
Rhea Dex,['Near'],Dexs,12884071.0,136165354.0,1288267376.0,-31.41,-39.13,-29.43
Meteora DAMM V2,['Solana'],Dexs,12126571.0,72843724.0,366594957.0,21.48,-15.24,133.55
Turbos,['Sui'],Dexs,11993433.0,86947558.0,273352469.0,16.93,-32.98,167.5
Aerodrome V1,['Base'],Dexs,11719185.0,87723220.0,435851844.0,-16.93,-34.48,53.22
Nexo Card,"['Base', 'Avalanche', 'OP Mainnet', 'Arbitrum', 'Ethereum', 'Polygon', 'BSC']",Crypto Card Issuer,11652923.0,43222984.0,175512360.0,266.52,208.39,13.68
Predict Fun,"['Blast', 'BSC']",Prediction Market,11100773.0,75643548.0,303503306.0,3.54,6.61,43.15
Alandale V3,['Robinhood Chain'],Dexs,10950976.0,87161783.0,284571608.0,-33.58,18.61,6.34
Hashflow,"['BSC', 'OP Mainnet', 'Ethereum', 'Avalanche', 'Polygon', 'Arbitrum', 'Solana', 'Base']",DEX Aggregator,10478535.0,60221079.0,297665818.0,-9.38,57.77,-19.67
Fluxion Network,['Mantle'],Dexs,9776625.0,13625412.0,38682078.0,2513.97,725.95,870.75
Bluefin Spot,['Sui'],Dexs,9742082.0,70591987.0,264827004.0,18.87,-39.57,151.63
Archer Exchange,['Solana'],Dexs,9177948.0,34058635.0,225143442.0,4.05,343.8,-32.35
Quickswap Dex,"['Polygon', 'Base']",Dexs,9009162.0,62977578.0,294855927.0,-23.7,36.34,-14.07
Saphyre V3,['Sei'],Dexs,8566341.0,86758413.0,274405111.0,0.57,-45.12,-9.77
Solidly V3,"['Ethereum', 'OP Mainnet', 'Arbitrum', 'Fantom', 'Base', 'Sonic']",Dexs,8165104.0,28997426.0,72474280.0,130.13,266.47,1542.72
Lighter Spot,"['zkLighter', 'Robinhood Chain']",Dexs,8007268.0,202335008.0,791862083.0,11.74,-74.14,-62.1
DODO AMM,"['BSC', 'Ethereum', 'Aurora', 'Polygon', 'Arbitrum', 'Avalanche', 'OP Mainnet', 'Scroll', 'Linea', 'Base', 'Manta', 'Defi Oracle Meta']",Dexs,7877406.0,77176455.0,240115984.0,-51.35,,-40.53
OPINION,['BSC'],Prediction Market,7699951.0,72034533.0,296656797.0,-5.17,-23.03,-49.09
PayCash,"['Vaulta', 'MultiversX']",Dexs,7365516.0,43304844.0,159023179.0,7170.99,7432.36,7393.73
Swaap Maker V2,"['Ethereum', 'Polygon', 'Arbitrum', 'Mode', 'Base', 'OP Mainnet', 'BSC', 'Scroll', 'Linea', 'Mantle']",Dexs,7236664.0,20222253.0,126436659.0,51.99,410.62,22.84
Cantex,['Canton'],Dexs,7205698.0,33446937.0,69222179.0,60.82,90.04,490.3
SushiSwap V3,"['Moonriver', 'Arbitrum Nova', 'BSC', 'Avalanche', 'Polygon', 'Arbitrum', 'Fuse', 'Fantom', 'OP Mainnet', 'Ethereum', 'Gnosis', 'Polygon zkEVM', 'Boba', 'ThunderCore', 'Base', 'CORE', 'Blast', 'Bittorrent', 'Kava', 'Linea', 'Metis', 'Scroll', 'Filecoin', 'Rootstock', 'Hemi', 'Sonic', 'Katana', 'ZetaChain', 'Robinhood Chain', 'Arc']",Dexs,7011835.0,35823722.0,198828396.0,49.55,13.83,-18.72
LiquidCore,"['Hyperliquid L1', 'Robinhood Chain']",Dexs,6968606.0,38275615.0,151914688.0,19.29,45.04,-34.96
Blackhole CLMM,['Avalanche'],Dexs,6926494.0,51453631.0,200204461.0,9.99,-9.02,107.08
Tokenlon AMM,['Ethereum'],Dexs,6734152.0,52787460.0,215867226.0,81.8,-19.4,-34.46
Bitflow,['Stacks'],Dexs,5938554.0,45254944.0,104696580.0,-39.35,10.21,241.44
Maverick V2,"['BSC', 'Base', 'ZKsync Era', 'Ethereum', 'Arbitrum', 'Scroll']",Dexs,5855202.0,37333063.0,274957663.0,-29.79,0.73,-79.7
Joe V2.2,"['Avalanche', 'Arbitrum', 'Monad']",Dexs,5698986.0,38544821.0,91370410.0,24.51,49.62,346.07
GIGA V3,['Robinhood Chain'],Dexs,5439163.0,50766073.0,415629532.0,-56.74,-24.66,-85.13
Kuru CLOB,['Monad'],Dexs,5376725.0,266880885.0,2290915350.0,-32.64,-97.16,-93.86
Collector Crypt,['Solana'],Physical TCG,4925934.0,36980577.0,139381201.0,-12.99,20.64,66.54
EtherFi Cash Liquid,"['Scroll', 'OP Mainnet']",Crypto Card Issuer,4698586.0,32199233.0,128838745.0,-32.87,10.2,-26.05
Curve DEX,"['Ethereum', 'OP Mainnet', 'Gnosis', 'Avalanche', 'Polygon', 'Arbitrum', 'Fantom', 'Fraxtal', 'Celo', 'Base', 'Sonic', 'Hyperliquid L1', 'Plasma', 'Mantle', 'Ink', 'Unichain', 'Monad', 'Stable', 'Robinhood Chain', 'BSC', 'Etherlink']",Dexs,4624497.0,722740133.0,3296588230.0,-96.17,-95.26,-96.02
SundaeSwap V2,['Cardano'],Dexs,4623832.0,23514871.0,41237096.0,-44.53,505.5,547.85
Doma DEX V3,['Doma'],Dexs,4497412.0,27406334.0,142242776.0,4.73,29.2,70.32
Courtyard,['Polygon'],Physical TCG,4428316.0,26647780.0,101581770.0,-30.85,22.48,53.43
HyperSwap V3,['Hyperliquid L1'],Dexs,4275996.0,24169708.0,105017839.0,6.4,-4.14,19.41
Injective Spot,['Injective'],Dexs,4245362.0,45439475.0,355448590.0,3.66,-77.84,2224.2
SaucerSwap V2,['Hedera'],Dexs,4205628.0,47412259.0,99270419.0,-40.6,-3.5,179.98
XRPL DEX,['XRPL'],Dexs,4187088.0,37029584.0,201576074.0,0.0,-52.66,-29.7
Kittenswap Algebra,"['Hyperliquid L1', 'Robinhood Chain']",Dexs,4166669.0,53404894.0,156945460.0,-36.72,-57.52,172.66
ThalaSwap V3,['Aptos'],Dexs,4044775.0,31928966.0,177119959.0,-19.88,-40.88,26.89
Maya Protocol,['Mayachain'],Cross Chain Bridge,4013930.0,5663459.0,5663459.0,143.34,,
Sablier Lockup,"['ZKsync Era', 'Hyperliquid L1', 'Gnosis', 'Avalanche', 'Blast', 'Sei', 'Polygon', 'Mode', 'Arbitrum', 'Sonic', 'Abstract', 'Ethereum', 'OP Mainnet', 'Berachain', 'Unichain', 'Scroll', 'Linea', 'Base', 'BSC', 'XDC', 'Monad', 'Sophon', 'Superseed', 'Morph', 'Chiliz', 'Robinhood Chain']",Payments,3990716.0,9236077.0,36121635.0,478.11,342.86,29.69
MEV-X Homelander,"['Robinhood Chain', 'Soneium', 'Somnia', 'Base', 'Flare', 'Polygon']",Liquidity Automation,3917296.0,7537907.0,7537907.0,9.18,,
Camelot V3,"['Arbitrum', 'ApeChain', 'Gravity by Galxe', 'Rari', 'ReyaChain', 'Gnosis', 'Sanko', 'Superposition', 'Plume Mainnet']",Dexs,3856323.0,26205423.0,169983914.0,0.73,-7.79,-35.03
Balancer V2,"['Ethereum', 'Polygon', 'Arbitrum', 'Gnosis', 'Avalanche', 'Polygon zkEVM', 'Base', 'Mode', 'Fraxtal', 'OP Mainnet']",Dexs,3827704.0,30143621.0,147421102.0,101.5,2.55,12.21
SparkDEX V4,['Flare'],Dexs,3597103.0,18441964.0,77217849.0,25.97,-14.76,121.85
Rocky Exchange Spot,['Canton'],Derivatives,3440786.0,11419744.0,820951694.0,-26.32,491.51,-96.75
Trojan,['Solana'],Telegram Bot,3428399.0,23107235.0,96628178.0,0.0,-12.04,30.81
Balancer V3,"['Ethereum', 'Gnosis', 'Arbitrum', 'OP Mainnet', 'Avalanche', 'Base', 'Hyperliquid L1', 'Plasma', 'Monad']",Dexs,3388240.0,20996348.0,126831777.0,-12.95,63.78,-72.55
Aquarius Stellar,['Stellar'],Dexs,3383223.0,30321362.0,97509852.0,1.48,-42.87,275.03
PancakeSwap X,"['Base', 'BSC', 'Ethereum', 'Arbitrum', 'Robinhood Chain']",Dexs,3302423.0,9531688.0,30804868.0,87.03,536.67,900.2
Lunarbase,"['Base', 'Monad', 'BSC']",Dexs,3260044.0,18837354.0,67243164.0,-21.26,34.6,192.0
Quickswap V3,"['Polygon', 'Dogechain', 'Polygon zkEVM', 'Manta', 'Soneium', 'Immutable zkEVM', 'X Layer']",Dexs,3237386.0,24260783.0,116682807.0,-11.56,-17.91,-2.15
STON.fi,['TON'],Dexs,2705353.0,34758500.0,84656699.0,-21.41,27.95,46.65
Betmoar.fun,['Polygon'],Interface,2525176.0,15825419.0,85178565.0,-0.28,18.1,-1.32
Rialto Prop AMM,['Robinhood Chain'],Dexs,2516489.0,8962527.0,18079112.0,26.88,263.64,417.19
MetalX Dex,['XPR Network'],Dexs,2512347.0,13602150.0,61314120.0,24.87,37.81,26.34
THORSwap,"['THORChain', 'Chainflip', 'Mayachain', 'Near']",DEX Aggregator,2238661.0,17558300.0,93341911.0,15.51,30.77,-18.38
Orvex,['Robinhood Chain'],Dexs,2103779.0,13331560.0,207170197.0,2.97,-3.61,-88.49
XO Market,['XO'],Prediction Market,2051182.0,14460155.0,24069270.0,-16.96,66.37,33252.55
SparkDEX V3.1,['Flare'],Dexs,1982326.0,12119058.0,51219126.0,16.65,-26.91,55.24
four.meme,['BSC'],Launchpad,1924363.0,8165043.0,35612634.0,-23.48,2.22,106.3
GMX V2 AMM,"['Arbitrum', 'Avalanche', 'Botanix', 'Solana', 'MegaETH']",Dexs,1923668.0,8937565.0,56378049.0,409.39,-52.35,-13.79
SX Bet,['SX Rollup'],Prediction Market,1899344.0,10978185.0,52870086.0,43.54,37.76,163.89
Enosys AMM V3,"['Flare', 'Songbird']",Dexs,1892112.0,14660061.0,54822682.0,-11.25,-36.45,52.89
THENA INTEGRAL,['BSC'],Dexs,1852696.0,10710245.0,49166948.0,-12.44,-0.85,46.74
BDEX V3,['BOT Chain'],Dexs,1818338.0,13562329.0,55125456.0,-10.76,1.91,14.23
Quickswap V4,"['Soneium', 'Base', 'Somnia', 'Polygon']",Dexs,1812719.0,15315898.0,71348818.0,-23.71,-23.61,27.86
TeleSwap,"['Polygon', 'BSC', 'BOB', 'BSquared']",Bridge,1811098.0,9680017.0,41481862.0,33.67,61.21,80.48
Hyperion,['Aptos'],Dexs,1807647.0,11186819.0,51862649.0,40.14,15.13,61.03
Karta Card,['Base'],Crypto Card Issuer,1767209.0,12254396.0,50307698.0,-1.5,-8.97,13.35
TrueCurrent,['Injective'],Derivatives,1705844.0,17397125.0,90428322.0,-11.15,-57.9,3.09
STONX,['Robinhood Chain'],Dexs,1661611.0,11519454.0,41415803.0,-35.53,-3.06,-27.18
Hydration DEX,['Hydration'],Dexs,1649958.0,14936569.0,67341911.0,-29.01,80.16,-54.04
SUNSwap V2,['Tron'],Dexs,1623977.0,11207067.0,71411442.0,-29.05,-60.43,9.83
SoDEX Spot,['ValueChain'],Dexs,1612203.0,11055387.0,46915289.0,4.7,8.68,32.44
Momentum,['Sui'],Dexs,1608437.0,11005378.0,40478318.0,5.5,-10.44,181.4
TurboFlow Prediction Markets,"['Solana', 'BSC']",Prediction Market,1566862.0,10333350.0,35765847.0,1.84,10.24,199.82
Aero Lite,['Arc'],Dexs,1504241.0,10474364.0,27834159.0,11.37,-14.05,
MagicMarkets,['Off Chain'],Prediction Market,1446863.0,11871961.0,59530631.0,35.89,-0.78,49.54
Hybra V4,['Hyperliquid L1'],Dexs,1411619.0,10278299.0,45959826.0,4.81,-8.63,-51.19
Kipseli,['Ethereum'],Dexs,1409540.0,7230856.0,34342296.0,17.84,42.79,26.79
VVS Standard,['Cronos'],Dexs,1370566.0,12815710.0,42692966.0,-16.51,-23.01,-18.16
Minswap DEX,['Cardano'],Dexs,1347261.0,6591939.0,14384460.0,-29.17,349.53,776.77
Photon,['Solana'],Trading App,1344296.0,9032367.0,31102477.0,0.0,65.32,-11.95
Hypercall Perps,['Hyperliquid L1'],Interface,1292643.0,1292643.0,1292643.0,,,
SushiSwap,"['Ethereum', 'Fantom', 'BSC', 'Harmony', 'Polygon', 'Gnosis', 'Arbitrum', 'Avalanche', 'Moonriver', 'Celo', 'Fuse', 'Boba', 'Blast', 'CORE', 'Katana', 'Metis', 'Linea', 'Sonic', 'OP Mainnet', 'Base', 'Arc']",Dexs,1184350.0,6773980.0,31350858.0,15.41,27.34,95.15
bopAMM,['Ethereum'],Dexs,1171239.0,3493395.0,9296522.0,138.98,287.33,514.95
Genius.fun,['BSC'],Launchpad,1128402.0,5973354.0,52243093.0,67.28,265.01,
Bloom Trading Bot,"['Base', 'Solana', 'BSC']",Gaming,1126961.0,8583139.0,26777006.0,0.0,6.37,69.17
TONCO V2,['TON'],Dexs,1098929.0,7698103.0,26660075.0,140.75,-20.39,1299.39
FluxBeam,['Solana'],Dexs,1090706.0,8800593.0,33471911.0,19.85,-13.71,35.08
Traderline Predictions,['Polygon'],Interface,1081005.0,8201607.0,35571220.0,-26.1,16.01,31.11
Ave.ai,"['Base', 'Hyperliquid L1', 'Ethereum', 'BSC', 'Solana']",Trading App,1048625.0,7193035.0,29943197.0,0.0,16.01,67.49
Beezie,"['Flow', 'Base', 'Solana']",Physical TCG,1044427.0,3845571.0,21752032.0,206.85,42.49,-16.47
Katana DEX,['Ronin'],Dexs,1025217.0,2891612.0,11654520.0,260.36,-1.01,237.01
PulseX V1,['PulseChain'],Dexs,1015801.0,9414989.0,55381111.0,-38.93,-52.02,-67.8
Archery V3,['Arc'],Dexs,1012958.0,6064430.0,6917457.0,-4.87,18.75,
LiquidBots,['Hyperliquid L1'],Interface,967889.0,2878468.0,7580483.0,91.06,222.06,662.22
Kaliber,"['Aptos', 'Base', 'OP Mainnet', 'Ethereum', 'Linea', 'X Layer', 'Ink', 'Avalanche', 'Arbitrum', 'BSC', 'Robinhood Chain']",Dexs,965118.0,7316889.0,19406974.0,-3.62,-6.03,31.83
Banana Gun,"['Base', 'Unichain', 'BSC', 'Sonic', 'Blast', 'Ethereum', 'Solana']",Telegram Bot,957889.0,3698170.0,12041243.0,0.0,-41.83,161.5
Meteora DAMM V1,['Solana'],Dexs,954504.0,11967976.0,54866598.0,-38.82,-68.0,32.66
PulseX V2,['PulseChain'],Dexs,950034.0,8666708.0,49791310.0,-36.31,-47.42,-60.68
VVS Flawless,['Cronos'],Dexs,943620.0,7883649.0,29525782.0,2.13,-45.57,39.47
Agni Finance,['Mantle'],Dexs,928826.0,8015394.0,38233836.0,0.04,-22.46,-17.99
Pangolin V3,"['Avalanche', 'Monad']",Dexs,911456.0,6986243.0,39532092.0,-32.19,-35.28,-53.77
AlphaSec Spot,['AlphaSec'],Dexs,894526.0,7179244.0,148050869.0,18.3,-39.32,-87.9
SakuraSwap CLMM,"['Abstract', 'Zero Network', 'Shape', 'Redstone', 'Ink']",Dexs,858308.0,3960974.0,9171104.0,67.37,88.23,511.0
Arcus Spot,['Robinhood Chain'],Dexs,819792.0,26563785.0,97340000.0,-19.99,-45.88,-94.47
AllBlue V3,['Avalanche'],Dexs,810151.0,5958484.0,27619625.0,24.63,-20.6,-6.12
BONKbot,['Solana'],Telegram Bot,796182.0,4651649.0,19527354.0,0.0,14.14,23.36
LFJ POE,['Monad'],Dexs,790460.0,4207890.0,20236340.0,-4.62,322.26,-47.6
Kumbaya,['MegaETH'],Dexs,788840.0,3955093.0,9473188.0,-55.63,165.25,246.02
Osmosis DEX,['Osmosis'],Dexs,778601.0,5739503.0,42390090.0,0.0,-28.31,-30.71
OroSwap,['ZIGChain'],Dexs,775768.0,3513420.0,19584106.0,85.9,83.42,10.71
Supernova CL,['Ethereum'],Dexs,773479.0,3820968.0,16293536.0,37.16,-12.49,38.05
Shadow Exchange CLMM,['Sonic'],Dexs,766887.0,4673408.0,19328287.0,0.7,19.6,84.93
Polymarket Combos,['Polygon'],Prediction Market,723344.0,4554984.0,19413659.0,14.1,52.19,61.42
Gate Predictions,['Polygon'],Interface,716774.0,5479568.0,31312078.0,-8.25,-8.6,-32.4
Kodiak V3,['Berachain'],Dexs,697369.0,5662932.0,23981272.0,-3.03,27.31,-51.48
ICPSwap,['ICP'],Dexs,692295.0,4932781.0,17361689.0,38.04,14.04,49.79
Ring Few,['Ethereum'],Bridge,688708.0,3309575.0,9900436.0,-19.76,43.58,80.85
ShibaSwap V1,"['Ethereum', 'Shibarium']",Dexs,686682.0,6983597.0,17538579.0,-18.61,482.08,446.64
BulbaSwap V3,['Morph'],Dexs,683173.0,3964263.0,19251099.0,32.36,-20.2,55.95
Phygitals,['Solana'],Physical TCG,673802.0,4715357.0,25751132.0,31.0,-20.55,19.1
Dano Finance,['Cardano'],Dexs,672633.0,5167956.0,16674951.0,-41.49,25.77,908.66
Streamflow,['Solana'],Payments,660137.0,9438369.0,33771552.0,-50.11,195.55,2.36
Valantis STEX,['Hyperliquid L1'],Dexs,644348.0,1200161.0,4857040.0,2451.17,304.2,1348.43
SolTradingBot,['Solana'],Telegram Bot,630608.0,1742383.0,13088159.0,0.0,130.65,42.76
MetaMask Predictions,['Polygon'],Interface,589564.0,1433052.0,11227838.0,212.84,700.34,494.97
Quay,['Solana'],Dexs,576608.0,9117792.0,85327634.0,-59.53,-63.81,2.16
Thruster V3,['Blast'],Dexs,554327.0,759982.0,1569519.0,3477.46,1190.84,6032.61
Kolo Card,"['Base', 'Ethereum', 'OP Mainnet', 'Arbitrum', 'Polygon']",Crypto Card Issuer,536127.0,3241871.0,16479907.0,21.52,-27.53,-3.64
Peach Launchpad,['Arc'],Launchpad,523138.0,8581106.0,10475326.0,-26.45,8.03,
PotatoSwap V2,['X Layer'],Dexs,522964.0,5203306.0,22738946.0,-13.62,23.94,86.78
XSwap V3,['XDC'],Dexs,522794.0,4036414.0,19606079.0,-64.93,-60.91,696.72
DeDust,['TON'],Dexs,521479.0,6227786.0,21001097.0,-3.08,20.73,-33.41
Frax Swap,"['Moonriver', 'Harmony', 'Moonbeam', 'BSC', 'Boba', 'Ethereum', 'Aurora', 'Avalanche', 'Polygon', 'Arbitrum', 'Fantom', 'Fraxtal', 'OP Mainnet']",Dexs,509984.0,2951519.0,11473829.0,146.1,18.46,75.41
Zia,['0G'],Dexs,487147.0,6042676.0,16370303.0,5.71,0.8,-18.37
Futarchy AMM,['Solana'],Dexs,480141.0,6736130.0,31437637.0,-50.07,-53.19,-23.91
W-DEX,['Polygon'],Dexs,471733.0,3995970.0,22757901.0,25.77,-6.24,9.55
FlowSwap V3,['Flow'],Dexs,468943.0,3036677.0,11686721.0,67.33,-9.73,37.75
Velodrome V2,"['OP Mainnet', 'Mode', 'Lisk', 'Fraxtal', 'Ink', 'Soneium', 'Unichain', 'Swellchain', 'BOB', 'Celo']",Dexs,456603.0,2912578.0,14398584.0,1.56,-18.24,-39.62
Nado Spot,['Ink'],Dexs,455970.0,1630015.0,9710035.0,229.0,-14.61,0.21
BullX,['Solana'],Telegram Bot,444169.0,1219134.0,11863158.0,0.0,65.56,55.55
Joe V2.1,"['Arbitrum', 'BSC', 'Avalanche', 'Ethereum', 'Monad']",Dexs,431482.0,15957572.0,37745701.0,-84.58,-68.06,90.9
Plasma One,['Plasma'],Crypto Card Issuer,425661.0,6333622.0,25627506.0,-44.87,-69.18,-18.29
moonshot.money,['Solana'],Trading App,423011.0,3267275.0,13714821.0,1.03,11.69,47.96
Fake World Assets V2,['Ethereum'],Luck Games,405532.0,3104937.0,3969211.0,-57.97,-53.08,
Tinyman,['Algorand'],Dexs,402865.0,4963215.0,13007397.0,20.29,5.46,26.59
Gemint,['BSC'],Physical TCG,402761.0,2430286.0,6336408.0,513.3,66.54,114.72
Dinari,"['Ethereum', 'Base', 'Arbitrum', 'Plume Mainnet']",RWA,400737.0,1721689.0,9137825.0,48.44,25.2,
Katana DEX V3,['Ronin'],Dexs,398447.0,1314830.0,5790581.0,206.01,-38.6,201.42
Raphael Exchange CL,['Robinhood Chain'],Dexs,389399.0,1846463.0,7339745.0,37.46,36.93,
Fulcrom AMM,"['Cronos', 'ZKsync Era', 'Cronos zkEVM']",Dexs,377123.0,1945321.0,12325141.0,78.65,199.84,-0.81
Blur Bids,['Ethereum'],NFT Marketplace,373897.0,1829904.0,10022805.0,42.17,-70.74,35.12
Honeypop DEX,['Scroll'],Dexs,360661.0,1758233.0,9227204.0,42.65,-1.84,72.9
Cetus DLMM,['Sui'],Dexs,352228.0,2569146.0,10856999.0,-8.32,-17.74,69.63
MagicSea LB,['IOTA EVM'],Dexs,352125.0,3906762.0,8697886.0,-37.65,431.11,26.03
SLVR,['Robinhood Chain'],Gamified Mining,351244.0,2112610.0,13086758.0,14.22,10.17,-58.96
LN Exchange Spot,['Bitcoin'],Dexs,348141.0,1629369.0,5525078.0,-2.54,91.8,123.74
Aborean CL,['Abstract'],Dexs,343531.0,2263823.0,9682331.0,-6.75,55.44,-10.01
Joe DEX,"['Avalanche', 'BSC', 'Arbitrum']",Dexs,341917.0,5381208.0,16190981.0,-25.94,-77.69,204.32
Outcome.xyz,['Hyperliquid L1'],Interface,341626.0,6230300.0,25891819.0,-13.89,-71.06,-73.56
Motoswap AMM,['Ethereum'],Dexs,327549.0,836728.0,836728.0,-28.5,,
Nabla Finance,"['Arbitrum', 'Base', 'Berachain', 'Monad', 'Hyperliquid L1']",Dexs,326685.0,1358212.0,7670523.0,153.54,218.98,50.53
Jupiter Gacha,['Solana'],Physical TCG,326245.0,2353176.0,17017983.0,0.0,-18.45,58.92
Bancor V2.1,['Ethereum'],Dexs,319033.0,1852099.0,5685495.0,158.83,-33.17,237.81
Etherex CL,['Linea'],Dexs,312158.0,1325238.0,5965002.0,65.47,66.12,4.82
Maverick V1,"['Ethereum', 'ZKsync Era', 'BSC', 'Base']",Dexs,304860.0,1981784.0,9495380.0,-32.73,20.29,30.62
9mm V3,"['PulseChain', 'Base', 'Sonic']",Dexs,302685.0,2747691.0,13937688.0,-53.05,-47.63,-49.6
dreamDEX,['Somnia'],Dexs,298893.0,3463548.0,21567239.0,86.95,-56.31,-89.73
Ramses DLMM,['Robinhood Chain'],Dexs,295411.0,1221501.0,35398798.0,37.92,56.51,-88.81
up v2,['Robinhood Chain'],Dexs,287664.0,3374782.0,12486228.0,-30.57,-22.14,-63.0
DipCoin Spot,['Sui'],Dexs,285071.0,2448569.0,7211426.0,-17.24,14.33,122.63
DragonSwap V3 Kaia,['Kaia'],Dexs,284846.0,2001070.0,6995343.0,-44.67,20.1,78.86
Bisq,['Bitcoin'],Dexs,281931.0,2019601.0,8912010.0,16.09,-8.87,18.8
PancakeSwap Prediction,['BSC'],Prediction Market,278036.0,1728841.0,7427158.0,19.95,-4.88,61.31
SwapHood V3,['Robinhood Chain'],Dexs,269640.0,1950903.0,4745518.0,-18.95,20.66,334.92
Nad.fun V1,['Monad'],Launchpad,268152.0,2715288.0,4822816.0,-74.05,133.63,25.08
SyncSwap,"['ZKsync Era', 'Linea', 'Scroll', 'Sophon']",Dexs,265876.0,1925785.0,8470552.0,-62.96,-3.76,7.02
Overtime,"['Base', 'OP Mainnet', 'Arbitrum', 'Polygon']",Prediction Market,262955.0,1915893.0,7831571.0,2.61,21.31,39.8
Alien Base V2,['Base'],Dexs,260786.0,1335226.0,9633080.0,-11.06,25.81,-50.33
GIGA V2,['Robinhood Chain'],Dexs,255299.0,1877173.0,23287550.0,-22.52,39.72,-18.28
WingRiders,['Cardano'],Dexs,255073.0,1798067.0,7609117.0,-27.82,19.61,149.24
1inch Aqua,"['Arbitrum', 'Ethereum', 'BSC', 'Gnosis', 'Base', 'Polygon', 'Linea', 'Sonic', 'Avalanche', 'Unichain', 'OP Mainnet', 'ZKsync Era', 'Robinhood Chain', 'Monad', 'Arc']",Dexs,250452.0,1119023029.0,4291252594.0,126.65,-35.62,-98.32
Helix Spot,['Injective'],Dexs,249895.0,1147579.0,6240745.0,29.96,-31.73,303.66
Monster,"['MegaETH', 'Off Chain']",Physical TCG,249103.0,1045040.0,3867931.0,22.55,197.44,122.69
Metropolis DLMM,['Sonic'],Dexs,247952.0,1766282.0,8376541.0,-13.11,-6.54,93.11
DefiTuna AMM,['Solana'],Dexs,247579.0,1214474.0,7162140.0,22.95,36.62,231.36
Jupiter Prediction,['Solana'],Interface,245443.0,1514751.0,5504759.0,-4.11,20.69,57.28
Shield Swap,['ALEO'],Dexs,244648.0,3303721.0,16565201.0,109.58,-68.48,131.49
Balancer V1,['Ethereum'],Dexs,237761.0,1241373.0,2280541.0,87.14,128.59,
Umia,['Base'],Launchpad,237479.0,866150.0,4105337.0,61.48,50.28,
o1.exchange Trading Terminal,"['Solana', 'Base', 'BSC', 'Ethereum', 'Robinhood Chain', 'Monad', 'Hyperliquid L1']",Trading App,235642.0,1323136.0,5665960.0,29.23,22.9,20.26
Merchant Moe Liquidity Book,['Mantle'],Dexs,232122.0,933002.0,4308701.0,34.14,500.45,27.03
Rise.rich,['Solana'],Launchpad,228412.0,1040973.0,2642159.0,-55.57,1307.34,157.76
DLMM KING Pools,"['Base', 'MegaETH', 'Ethereum', 'Robinhood Chain']",Dexs,226999.0,1325241.0,5737939.0,-38.87,-0.74,142.26
Gnosis Pay,['Gnosis'],Crypto Card Issuer,225386.0,1731858.0,7523718.0,-18.17,-9.53,-11.29
InitiaDEX,['Initia'],Dexs,225121.0,1825301.0,4507525.0,17.6,98.09,4.02
O2 Exchange,['Fuel Ignition'],Dexs,215793.0,1442526.0,9405518.0,8.08,-8.37,-54.77
world,['Solana'],Prediction Market,215463.0,2325682.0,14859221.0,-13.35,-55.9,-57.2
Lotus Finance,['Sui'],Dexs,215270.0,994565.0,59413449.0,11.24,10679.67,-90.94
LienFi,['Base'],RWA,208113.0,286316.0,286937.0,166.12,,
Ambient,"['Ethereum', 'Scroll', 'Canto', 'Blast', 'Plume', 'Swellchain', 'Plume Mainnet']",Dexs,202007.0,1593481.0,3128237.0,-52.82,272.45,179.22
Yield Basis,['Ethereum'],Leveraged Farming,201132.0,329345.0,15512745.0,,,-49.88
Bleap Card,"['Arbitrum', 'Ethereum', 'Base', 'Polygon']",Crypto Card Issuer,195214.0,1304956.0,4810431.0,-52.91,13.86,11.99
Trisolaris,['Aurora'],Dexs,193305.0,1857588.0,9031352.0,-8.44,-69.19,683.98
Hybra V3,"['Hyperliquid L1', 'Robinhood Chain']",Dexs,192765.0,937753.0,5454844.0,42.5,33.31,41.36
Uniswap V1,['Ethereum'],Dexs,191834.0,610455.0,2737778.0,663.09,302.72,446.24
Textile FX,"['BSC', 'Ethereum', 'Base', 'Celo', 'Polygon']",Dexs,187150.0,3163964.0,16059846.0,-3.36,-86.18,42.47
Gala Swap,['Gala'],Dexs,171577.0,1405913.0,5190424.0,-75.12,172.47,-29.76
THENA FUSION,['BSC'],Dexs,168738.0,1226867.0,7155377.0,28.24,7.19,15.15
Telemetry,['Solana'],Trading App,167997.0,894029.0,3504905.0,0.0,76.47,46.06
Spectra V2,"['Base', 'Arbitrum', 'Ethereum', 'OP Mainnet', 'Sonic', 'Hemi', 'Avalanche', 'BSC', 'Hyperliquid L1', 'Katana', 'Flare', 'Monad']",Yield,166095.0,769479.0,4237846.0,-14.72,149.97,-12.56
xExchange,['MultiversX'],Dexs,166078.0,1140530.0,9995349.0,60.59,-24.48,-77.46
Unchain X,['BSC'],Dexs,163874.0,885915.0,5015131.0,111.76,-22.68,67.94
Ultrasolid V3,['Hyperliquid L1'],Dexs,159192.0,791771.0,2932351.0,15.55,60.38,93.66
Astroport,"['Injective', 'Neutron', 'Terra2', 'Sei', 'Osmosis']",Dexs,158169.0,1993737.0,6022376.0,15.08,-51.24,181.33
PulseX StableSwap,['PulseChain'],Dexs,157939.0,1529756.0,8696884.0,-39.84,-56.03,-63.69
DOOAR V2,"['BSC', 'Polygon', 'Solana']",Dexs,156448.0,783101.0,3363524.0,178.22,11.99,117.03
BrownFi V3,"['Berachain', 'Hyperliquid L1', 'Arbitrum', 'Linea', 'Robinhood Chain']",Dexs,156195.0,1395199.0,3783306.0,-31.85,5.91,169.03
Ignix,['X Layer'],Launchpad,155063.0,2657408.0,6548200.0,-59.31,-21.07,30974.75
Ryze Protocol,['Base'],Dexs,152767.0,1642385.0,8020080.0,47.25,-63.23,-40.58
Raindex,"['Polygon', 'Ethereum', 'Arbitrum', 'Base', 'BSC', 'Flare', 'Linea', 'Robinhood Chain', 'Matchain']",Dexs,148744.0,1051383.0,39780846.0,-42.58,-8.89,68.22
Swapr V3,['Gnosis'],Dexs,148380.0,890914.0,3588988.0,-22.67,-4.26,-46.51
FlowX V3,['Sui'],Dexs,147149.0,731781.0,2560735.0,4.96,18.19,536.76
Capricorn,['Monad'],Dexs,144895.0,1013004.0,3833369.0,-65.54,45.92,199.2
BaseStonk,"['Base', 'Robinhood Chain']",Launchpad,143729.0,1352075.0,21126801.0,95.41,-29.68,-48.23
SwitchX,['PulseChain'],Dexs,142845.0,1180870.0,7221871.0,-34.0,-34.09,-61.13
Spritz Card,"['Avalanche', 'Polygon', 'Base', 'Arbitrum', 'OP Mainnet', 'Ethereum', 'BSC']",Crypto Card Issuer,141439.0,985048.0,3759131.0,-11.23,27.09,1.37
Pepeboost,"['Ethereum', 'Solana', 'BSC']",Telegram Bot,138811.0,736077.0,3615778.0,0.0,132.0,-31.69
KrokoSwap V3,['Kasplex'],Dexs,138692.0,1097369.0,4142450.0,-0.43,-7.58,38.92
Camelot V2,"['Arbitrum', 'Gravity by Galxe', 'Rari', 'ReyaChain', 'Gnosis', 'Sanko', 'ApeChain']",Dexs,136471.0,1401157.0,8257849.0,-15.18,-51.15,-31.8
SUNSwap V1,['Tron'],Dexs,136161.0,1095819.0,14762682.0,-1.03,-42.16,14.57
Saber,['Solana'],Dexs,133994.0,773716.0,5116174.0,7.84,-14.17,-8.95
Blackhole AMM,['Avalanche'],Dexs,129478.0,811800.0,2522721.0,25.27,-13.0,635.96
Biswap V2,['BSC'],Dexs,124005.0,1217072.0,5190139.0,-57.97,-20.14,34.27
Deeptrade,['Sui'],Interface,123440.0,468321.0,3269553.0,202.76,-15.45,263.56
PotatoSwap V3,['X Layer'],Dexs,119776.0,637234.0,2647208.0,45.05,8.14,7358.03
Superfluid,"['Scroll', 'Ethereum', 'Avalanche', 'Celo', 'BSC', 'Gnosis', 'Arbitrum', 'OP Mainnet', 'Base', 'Polygon']",Payments,117962.0,844368.0,3493362.0,0.6,-3.1,3.43
SwapX Algebra,['Sonic'],Dexs,116550.0,878855.0,4735102.0,-11.81,-14.85,75.01
Canonic,['MegaETH'],Dexs,115277.0,577320.0,1685027.0,117.12,32.85,85.36
Bond,['0G'],Dexs,114321.0,1823492.0,2272060.0,-54.45,574.94,362.46
SaucerSwap V1,['Hedera'],Dexs,112887.0,1825312.0,4090962.0,11.11,21.91,96.78
ApeSwap AMM,"['BSC', 'Polygon', 'Ethereum', 'Telos', 'Arbitrum']",Dexs,110703.0,712879.0,4203098.0,15.66,14.02,81.06
copyfomo,"['Base', 'BSC', 'Robinhood Chain', 'Solana']",Telegram Bot,110469.0,669181.0,3078017.0,0.0,59.29,1020.38
LetsCash,['Robinhood Chain'],Launchpad,106521.0,599968.0,15334964.0,38.27,121.27,-96.45
Tigris Mezo V3,['Mezo'],Dexs,104992.0,692660.0,2762447.0,29.56,-33.61,90.05
Lynex V2,['Linea'],Dexs,100587.0,455107.0,2956009.0,52.03,68.94,-48.59
MetaMask Card,"['Linea', 'Solana', 'Base', 'Monad']",Crypto Card Issuer,99409.0,559593.0,2499567.0,36.84,4.78,2.16
PancakeSwap StableSwap,"['BSC', 'Arbitrum', 'Ethereum']",Dexs,98771.0,1445869.0,8506860.0,-66.86,-33.6,-9.07
Kyo Finance,['Soneium'],Dexs,97764.0,573271.0,2855153.0,-45.64,19.24,-6.08
Bancor V3,['Ethereum'],Dexs,96271.0,702446.0,2016286.0,482.93,-12.03,218.19
StonkBrokers Card Wall,['Robinhood Chain'],Luck Games,93217.0,856508.0,856508.0,48.0,,
StonkBrokers Anvil,['Robinhood Chain'],NftFi,91077.0,233517.0,1529414.0,83.33,113746.25,209.87
Mento V3,"['Celo', 'Monad']",Dexs,87258.0,1847069.0,8222812.0,-56.06,196.9,-71.19
Azuro,"['Polygon', 'Base']",Prediction Market,86039.0,426478.0,3781001.0,0.0,-52.49,15.47
Sport.fun,['Base'],Prediction Market,84882.0,972740.0,4820685.0,-42.23,-31.47,-43.92
Exa Card,"['Base', 'OP Mainnet']",Crypto Card Issuer,82664.0,407520.0,1740028.0,28.74,60.18,63.18
Nostra Pools,['Starknet'],Dexs,82384.0,461338.0,4057744.0,57.83,1.23,18.21
RateX DEX,['Solana'],Yield,80459.0,998851.0,1796255.0,-64.92,607.02,1194.18
BarterSwap Superposition,['Ethereum'],Dexs,75566.0,352815.0,1464440.0,13.86,-26.05,47.74
Pangolin V2,['Avalanche'],Dexs,75468.0,1666162.0,5199283.0,16.72,-93.95,-16.36
Beets DEX,"['Fantom', 'OP Mainnet', 'Sonic']",Dexs,74232.0,510792.0,2693787.0,-3.78,-3.6,-3.48
EVplusAI Predictions,['Polygon'],Interface,74210.0,477602.0,2897119.0,-4.31,8.07,-15.63
Tuyo Card,['Base'],Crypto Card Issuer,72529.0,531205.0,2161329.0,-38.49,-11.62,-14.38
NetSwap,['Metis'],Dexs,70580.0,524965.0,1982148.0,25.09,43.39,82.73
Paradex Spot,['Paradex'],Dexs,66834.0,225497.0,1533431.0,194.93,30.45,696.21
P2P.me,"['Polygon', 'Base']",Payments,64428.0,334515.0,1348198.0,12.02,28.73,27.43
Limitless Exchange,['Base'],Prediction Market,62876.0,753384.0,10127742.0,-49.56,-68.95,-86.03
x402,"['Hyperliquid L1', 'Solana', 'Base', 'Polygon', 'Arbitrum', 'Abstract', 'BSC', 'Celo', 'OP Mainnet', 'Avalanche']",Payments,61592.0,198652.0,672427.0,233.72,60.57,74.19
ThalaSwap,['Aptos'],Dexs,61421.0,265514.0,1133392.0,193.42,-1.18,132.61
BDEX V2,['BOT Chain'],Dexs,61343.0,388678.0,1956213.0,80.46,50.31,2.27
Pacifica Spot,['Off Chain'],Dexs,58995.0,423315.0,1834885.0,-3.69,-3.03,2.82
2THICK,['Sonic'],Dexs,57608.0,433851.0,2002676.0,-18.54,-5.78,114.3
otomate.trade,['Ink'],Interface,56391.0,323818.0,6399067.0,70.38,114.46,-95.49
Stand,['Polygon'],Interface,55757.0,831778.0,3342479.0,17.41,-52.14,-72.97
MachineX CL,['Peaq'],Dexs,54304.0,485844.0,2532245.0,18.44,-64.77,204.1
Aborean AMM,['Abstract'],Dexs,53587.0,412922.0,1468017.0,-44.15,58.01,131.38
KittyPunch StableKitty,['Flow'],Dexs,53556.0,431428.0,2341804.0,64.47,-42.78,16.89
Defi Swap,['Ethereum'],Dexs,52903.0,1188458.0,2848020.0,-43.28,-88.04,-14.29
Turbo,['Hyperliquid L1'],Dexs,49262.0,291780.0,1863778.0,9.29,74.77,-40.95
Ramses CL,['Arbitrum'],Dexs,48926.0,210697.0,1147315.0,70.59,90.95,67.51
Pact,['Algorand'],Dexs,48705.0,1114716.0,3627827.0,25.76,-53.75,-74.24
Gate Swap Spot,['GateLayer'],Dexs,47791.0,350380.0,1895057.0,44.01,28.01,173.89
FluxFlow V3,['Fluent'],Dexs,47782.0,380124.0,1766994.0,42.27,87.79,-26.81
Umbrae,['Base'],Dexs,47257.0,483341.0,1979466.0,62.53,-59.96,-66.94
Shiny,"['Abstract', 'Base', 'Solana']",Physical TCG,47215.0,513114.0,573056.0,-36.48,434.41,2080.83
Ferra DLMM,['Sui'],Dexs,46442.0,289139.0,1599685.0,50.69,-29.35,15.45
KittyPunch PunchSwap,['Flow'],Dexs,46097.0,329169.0,1583361.0,67.19,-21.6,-18.81
Peer,['Base'],Payments,45518.0,307720.0,1234276.0,2.6,4.72,1.85
Ape Church,['ApeChain'],Luck Games,45066.0,539464.0,6234816.0,-43.4,-82.37,-77.8
Synthra V3,['Arc'],Dexs,44655.0,577816.0,7765238.0,4.9,-80.5,
PolyTraderPro,['Polygon'],Interface,43305.0,363122.0,3619287.0,4.21,135.33,-62.65
Beets DEX V3,['Sonic'],Dexs,43010.0,282333.0,1163155.0,118.87,101.81,400.52
Omnipair,['Solana'],Lending,41900.0,437666.0,2521155.0,-51.6,8.56,46.51
Sovryn Dex,"['Rootstock', 'BOB']",Dexs,41702.0,302449.0,1783919.0,-72.09,220.32,94.03
BabySwap,['BSC'],Dexs,40423.0,352149.0,1566235.0,17.26,-39.64,50.25
Carbon Defi,"['Ethereum', 'Sei', 'Coti', 'Celo', 'TAC']",Dexs,39857.0,511937.0,2230910.0,73.19,-71.72,-46.04
EGAS swap,['ENI'],Dexs,39353.0,238911.0,3747357.0,241.01,521.0,-90.33
Solayer Card,['Solana'],Crypto Card Issuer,38919.0,180513.0,617028.0,54.51,222.44,26.79
Clober V2,"['Base', 'ZKsync Era', 'Monad']",Dexs,38816.0,1438049.0,4906491.0,-53.0,-34.68,-82.11
Reflect Tranches,['Solana'],Yield,38537.0,327488.0,1593381.0,-61.17,-90.84,-78.67
Polytrader,['Polygon'],Interface,38403.0,616312.0,3081967.0,-8.54,-76.42,-63.27
PHUX,['PulseChain'],Dexs,38328.0,538329.0,2775253.0,-67.67,-66.44,-70.96
Rubicon,"['OP Mainnet', 'Arbitrum', 'Ethereum', 'Base']",Dexs,37274.0,341654.0,1341214.0,92.2,-36.45,21.1
Synthra Core,"['Robinhood Chain', 'Arc']",Dexs,37160.0,600340.0,12746277.0,-18.47,-84.98,33377.48
Alpha Arcade,['Algorand'],Prediction Market,36890.0,313712.0,1367473.0,-16.52,42.38,-1.4
ALEX,['Stacks'],Dexs,35985.0,434471.0,1689231.0,-57.87,18.63,54.16
Goo Exchange CLMM,['Robinhood Chain'],Dexs,33237.0,414381.0,414381.0,-65.94,,
Dswap,['ENI'],Dexs,32809.0,193806.0,1214891.0,8.25,12.08,-65.97
Satsuma,['Citrea'],Dexs,32740.0,262609.0,1215981.0,-2.25,84.78,349.48
Voltage V4,['Fuse'],Dexs,32738.0,129054.0,495494.0,118.57,175.73,872.03
KlaySwap V1,['Kaia'],Dexs,32557.0,263979.0,890175.0,-53.24,92.95,161.54
ZealousSwap,"['Kasplex', 'Igra']",Dexs,31960.0,212694.0,2670482.0,-3.43,-51.94,4.08
Dinosaur Eggs,['BSC'],Dexs,31611.0,817527.0,2561005.0,-50.71,-46.29,122.66
Sonex,['Soneium'],Dexs,31534.0,202057.0,875376.0,43.26,-21.76,411.92
WAGMI,"['ZKsync Era', 'Fantom', 'Kava', 'Ethereum', 'Metis', 'Sonic', 'Base']",Dexs,31465.0,215809.0,1476245.0,-14.05,40.8,128.92
Kreo,['Polygon'],Interface,31108.0,349632.0,1293251.0,4.97,19.74,-15.42
Nile Legacy,['Linea'],Dexs,31083.0,74341.0,190874.0,203.07,1076.05,344.55
Swappi,['Conflux'],Dexs,30826.0,207687.0,865806.0,65.45,12.22,-9.69
Hypertrade V3,['Hyperliquid L1'],Dexs,30728.0,501346.0,3172322.0,61.64,-71.84,-80.37
DTrade,['TON'],Telegram Bot,30587.0,457881.0,1117725.0,3.52,79.15,-30.72
YeNo,['Polygon'],Interface,30258.0,233562.0,783319.0,5.56,-20.01,173.73
Myriad Markets,"['Abstract', 'Linea', 'BSC']",Prediction Market,29911.0,381889.0,2721386.0,194.25,1459.49,528.38
XFlows,['Wanchain'],Dexs,29813.0,191790.0,1115183.0,-5.33,20.72,40.79
Virtuals Protocol,"['Robinhood Chain', 'Base', 'Solana', 'Arc']",AI Agents,28154.0,181213.0,2970615.0,-26.11,-75.15,-95.87
OkieSwap V3,['X Layer'],Dexs,27967.0,563459.0,2552530.0,-66.82,-33.54,-63.97
Hercules V3,['Metis'],Dexs,26752.0,241451.0,1031448.0,3.03,85.47,44.5
Cellana Finance,['Aptos'],Dexs,26228.0,155669.0,713938.0,46.35,-14.79,
LlamaPay,"['Berachain', 'Base', 'OP Mainnet', 'Sonic', 'Ethereum', 'Polygon', 'Gnosis', 'Scroll', 'Avalanche', 'Arbitrum', 'Metis']",Payments,25798.0,270521.0,736652.0,-45.05,74.91,-62.05
GDEX Perps,['Hyperliquid L1'],Derivatives,25185.0,25185.0,1057981.0,,1053.16,-77.79
Preddy,['Polygon'],Interface,24986.0,363668.0,1745189.0,-40.24,-53.62,25.82
zkSwap V2,"['ZKsync Era', 'Sonic', 'Monad']",Dexs,24260.0,82914.0,417308.0,132.26,63.2,137.35
Rankz,['Robinhood Chain'],Physical TCG,23634.0,100666.0,103795.0,-69.58,,
Polygun,['Polygon'],Interface,23627.0,123883.0,636660.0,,-4.88,15.5
PredictEX,['Base'],Prediction Market,23562.0,159776.0,840209.0,-9.5,25.35,-24.92
Kriya AMM,['Sui'],Dexs,23543.0,190273.0,651768.0,-6.36,-44.27,105.71
Aftermath AMM,['Sui'],Dexs,22704.0,160862.0,627948.0,5.18,-49.77,40.98
Consensus Liquidity DEX,['Kaia'],Dexs,22191.0,154996.0,752954.0,-47.58,36.2,210.1
BabyDogeSwap,['BSC'],Dexs,22152.0,146883.0,862229.0,33.37,-5.26,19.23
HyperSwap V2,['Hyperliquid L1'],Dexs,21362.0,333151.0,10909874.0,-35.21,-81.75,-95.62
Scale,['Base'],Dexs,21128.0,154233.0,514476.0,-15.85,11.46,30.81
FanX Protocol,['Chiliz'],Dexs,21059.0,182203.0,1265918.0,157.7,-45.26,-54.51
OkieSwap Stableswap,['X Layer'],Dexs,20935.0,140028.0,2063928.0,-31.91,213.3,-53.21
THENA V1,['BSC'],Dexs,20923.0,125964.0,960720.0,-17.5,5.89,54.44
BCSwap,['BCHyper'],Dexs,20905.0,41896.0,281823.0,304.43,2844.37,215.79
Cypher V4,['Ethereum'],Dexs,20750.0,657022.0,20965888.0,-65.41,-97.66,-96.51
BrownFi CLAMM,['Hemi'],Dexs,20250.0,136273.0,1180730.0,-30.88,-22.38,-79.09
Wombat Exchange,"['BSC', 'Arbitrum', 'Ethereum', 'Scroll', 'Avalanche', 'Base', 'OP Mainnet', 'Monad', 'Polygon', 'Hyperliquid L1']",Dexs,19562.0,167757.0,866436.0,17.58,-44.13,39.91
Bitget Wallet Card,['Arbitrum'],Crypto Card Issuer,19494.0,116115.0,289477.0,-9.55,68.81,116.79
Kayen Finance V3,['Chiliz'],Dexs,19483.0,69825.0,114292.0,119.35,77.07,3147.17
SquadSwap Dynamo,['BSC'],Dexs,19351.0,151405.0,1047123.0,19.13,-67.93,27.49
Increment Swap,['Flow'],Dexs,19059.0,86173.0,422566.0,193.35,-3.07,146.08
BaseX,['Base'],Dexs,18828.0,95343.0,533890.0,112.36,134.21,-84.72
Cauldron,['Bitcoincash'],Dexs,17890.0,147447.0,1058376.0,311.74,-56.2,273.88
Full Sail,['Sui'],Dexs,17415.0,101568.0,812072.0,74.83,1.3,-67.41
LiquidSwap,['Aptos'],Dexs,17088.0,101106.0,471074.0,69.61,-15.61,-2.6
AuroraSwap,['Aurora'],Dexs,16954.0,151120.0,542153.0,-21.72,-45.91,580.34
DeltaTrade,"['Near', 'Solana']",Dexs,16872.0,471462.0,880661.0,-73.13,4.12,-24.62
Deepstate,['Robinhood Chain'],Dexs,16841.0,3369125.0,10138914.0,-24.28,-92.95,-98.42
BetterSwap V2,['VeChain'],Dexs,16825.0,79060.0,321049.0,132.71,207.47,415.31
Lithos,['Plasma'],Dexs,16273.0,120532.0,479642.0,46.04,-73.56,67.23
BEX,['Berachain'],Dexs,16126.0,211309.0,646387.0,-7.1,-10.63,-5.8
Shadow Exchange Legacy,['Sonic'],Dexs,16055.0,115085.0,617641.0,20.22,5.92,21.82
1DEX,['Vaulta'],Dexs,15338.0,99351.0,417851.0,-5.96,3.59,10.28
Pharaoh V3 Legacy,['Avalanche'],Dexs,15281.0,453342.0,1224780.0,-78.57,-73.34,-58.2
Ubeswap V2,['Celo'],Dexs,15279.0,150156.0,388081.0,-27.28,159.45,41.63
Hyperlynx V3,['Hyperliquid L1'],Dexs,14916.0,90094.0,494107.0,3.58,-6.59,-15.53
Honeyswap,"['Gnosis', 'Polygon']",Dexs,14689.0,63139.0,388717.0,70.43,66.75,135.63
Bullpen Prediction Markets,['Polygon'],Interface,14461.0,54574.0,409335.0,143.49,206.7,13.19
ZORA Coins,['Base'],Launchpad,14397.0,63601.0,428125.0,100.07,115.78,-55.23
Koi Finance AMM,['ZKsync Era'],Dexs,14370.0,91791.0,526544.0,-22.06,11.41,12.76
Nerve,['BSC'],Dexs,14298.0,133019.0,1083490.0,-77.72,139.06,-55.19
pmav,['Robinhood Chain'],Launchpad,14088.0,14489.0,75676.0,188494.38,,571.82
Ebisus Bay DEX,"['Cronos', 'Cronos zkEVM']",Dexs,13973.0,16619.0,123625.0,367.32,370.79,1768.05
Blasterswap V3,['Blast'],Dexs,13911.0,16545.0,27493.0,4886.02,2420.11,23909.32
PRED,['Base'],Prediction Market,13717.0,89396.0,667229.0,81.68,-56.92,752.52
Arena DEX,['Avalanche'],Dexs,13315.0,148771.0,798524.0,-34.32,-23.57,33.19
Velodrome V1,"['OP Mainnet', 'Mode', 'BOB']",Dexs,12863.0,91245.0,488791.0,18.8,-43.02,-54.86
Reactor DEX,['Fuel Ignition'],Dexs,12774.0,265132.0,599942.0,4.66,-90.35,47.32
Phoenix Spot,['Solana'],Dexs,12673.0,136936.0,358968.0,674.63,-71.95,
Suigar,['Sui'],Luck Games,12615.0,186563.0,845187.0,-27.62,-55.65,-54.46
Atmos DEX,['Supra'],Dexs,12442.0,124331.0,299448.0,158.45,31.83,5262.93
HARD Swap,['Kava'],Dexs,12327.0,125344.0,1482216.0,-30.27,-68.33,-67.34
Ellipsis Finance,['BSC'],Dexs,12142.0,97071.0,425721.0,-56.87,522.99,73.38
SafePal Card,['Arbitrum'],Crypto Card Issuer,12106.0,79762.0,206627.0,-24.03,76.45,63.55
StonkBrokers Safe Launch,['Robinhood Chain'],Launchpad,11928.0,28752.0,545250.0,867.4,13713.55,718.11
Frontier,['Robinhood Chain'],Launchpad,11680.0,71074.0,1193745.0,0.09,-31.7,-69.96
Treble V2,['Base'],Dexs,11313.0,56934.0,497753.0,16.2,52.4,-81.62
Pull.fun,['Off Chain'],Physical TCG,11185.0,22905.0,1556875.0,119.53,171.81,-92.95
0Swap,['Robinhood Chain'],Dexs,11151.0,88765.0,706066.0,-33.18,-16.42,-72.39
Clutch Anvil AMM,"['Ethereum', 'ApeChain', 'Base', 'Robinhood Chain']",Dexs,11107.0,51865.0,621057.0,80.16,79.41,-89.7
Kava Swap,['Kava'],Dexs,10834.0,71645.0,304872.0,-18.36,103.11,-35.89
Forest V1,['BSC'],Dexs,10724.0,87921.0,266280.0,170.6,43.35,139.86
Stabull Finance,"['Ethereum', 'Polygon', 'Base']",Dexs,10655.0,62159.0,256853.0,-46.82,56.67,-2.9
Ramses Legacy V2,"['Hyperliquid L1', 'Polygon', 'Arbitrum', 'Robinhood Chain']",Dexs,10593.0,184449.0,2004470.0,-72.85,-48.93,-95.28
SyncSwap V3,"['Linea', 'Sophon', 'ZKsync Era']",Dexs,10580.0,31478.0,143972.0,117.34,194.13,277.32
Fenix Standard Pools,['Blast'],Dexs,10495.0,11459.0,16295.0,14559.87,1790.99,17664.05
WinnieSwap,['Berachain'],Dexs,10461.0,27460.0,249362.0,94.19,420.19,2660.16
Valiant Trade Spot,['Fogo'],Dexs,10373.0,330043.0,490551.0,59.86,16.71,1369.26
Tethys AMM,['Metis'],Dexs,10283.0,74659.0,273984.0,19.75,158.17,198.84
Pool Party,['Canton'],Dexs,10264.0,35686.0,107742.0,72.39,134.07,237.63
death.fun,['Abstract'],Luck Games,10146.0,77438.0,433345.0,-19.16,212.86,25.41
Shido Dex V2,['Shido'],Dexs,9507.0,84752.0,351363.0,77.4,-35.05,105.25
Meridian Predict,['Robinhood Chain'],Prediction Market,9002.0,20959.0,127208.0,228.18,326.84,49.83
DYLI,['Abstract'],Physical TCG,8872.0,51416.0,387492.0,-18.84,-34.32,-66.93
Ellipse DEX,['Arc'],Dexs,8814.0,70033.0,3726628.0,-33.71,-68.14,
SakuraSwap AMM,"['Ink', 'Zero Network', 'Shape', 'Abstract']",Dexs,8660.0,147525.0,431810.0,-78.69,-6.08,-6.11
Thruster V2,['Blast'],Dexs,8456.0,9206.0,39602.0,11696.87,4106.97,1200.92
Kittenswap CL,['Hyperliquid L1'],Dexs,8402.0,63562.0,265197.0,25.74,28.26,113.41
Monday Trade Spot,['Monad'],Dexs,8306.0,83664.0,923807.0,-37.74,-87.8,-77.5
SwapX V2,['Sonic'],Dexs,8045.0,25699.0,38889.0,55.49,531.97,12817.47
DefiBox,"['BSC', 'Vaulta', 'Wax']",Dexs,7804.0,96557.0,301224.0,106.73,15.14,155.12
DyorSwap AMM,"['Mode', 'Plasma', 'Blast']",Dexs,7549.0,103532.0,465206.0,-36.04,-88.01,-55.97
HbarSuite,['Hedera'],Dexs,7471.0,333807.0,956835.0,-9.35,-91.7,0.35
Biatec DEX,['Algorand'],Dexs,7431.0,70137.0,84918.0,-13.94,41.87,
Equalizer Exchange,"['Fantom', 'Sonic']",Dexs,7086.0,30744.0,129645.0,66.1,340.67,60.94
Mimo V2,['IoTeX'],Dexs,7043.0,43439.0,318149.0,125.88,29.97,271.07
TONCO V1,['TON'],Dexs,6997.0,73957.0,313334.0,19.65,94.69,3.67
Supernova AMM,['Ethereum'],Dexs,6910.0,64350.0,119146.0,-31.57,113.6,226.41
AZverse Spot,['Off Chain'],Dexs,6877.0,37511.0,167732.0,34.29,10.14,30.82
Puzzle Ranges,"['Ethereum', 'Robinhood Chain']",Dexs,6842.0,46325.0,160906.0,11.85,27.55,10.69
Infusion,['Base'],Dexs,6694.0,40133.0,219634.0,13.96,-9.01,-11.65
KaspaCom Dex,"['Kasplex', 'Igra']",Dexs,6693.0,9941.0,42885.0,3746.55,198.53,1252.12
Ferro,['Cronos'],Dexs,6606.0,340740.0,2051625.0,-81.4,-89.59,-61.82
Tempo Stablecoin Dex,['Tempo'],Dexs,6504.0,173190.0,18636171.0,335.63,10.01,-96.18
Skate AMM,"['Ethereum', 'BSC', 'Base', 'Arbitrum', 'Solana', 'Eclipse', 'Hyperliquid L1', 'Plume Mainnet', 'Mantle', 'Sui', 'Monad', 'MegaETH', 'Tempo', 'Robinhood Chain']",Dexs,6499.0,18651.0,26068.0,990.44,447.98,5315.83
VaporDex V2,['Avalanche'],Dexs,6093.0,47093.0,79636.0,-59.82,77.17,5758.65
Sablier Flow,"['Base', 'Arbitrum', 'Ethereum', 'OP Mainnet', 'Polygon', 'BSC', 'Avalanche', 'Linea', 'ZKsync Era', 'Sonic', 'Hyperliquid L1', 'Scroll', 'Unichain', 'Blast', 'Mode', 'Gnosis', 'Abstract', 'Berachain', 'Sei']",Payments,6090.0,134560.0,244943.0,-63.98,127.58,-74.2
Coffer,['Solana'],Dexs,6070.0,65819.0,6308194.0,-57.49,-74.45,-91.77
Verse,"['smartBCH', 'Ethereum']",Dexs,6054.0,21609.0,285926.0,484.93,-1.77,40.73
Blasterswap V2,['Blast'],Dexs,6026.0,11133.0,54164.0,1366.18,529.68,288.27
Fake World Assets V1,['Ethereum'],Luck Games,5857.0,10527.0,1163333.0,3995.8,88.57,-93.75
Dfyn Network,['Polygon'],Dexs,5854.0,43367.0,218322.0,55.65,-22.27,-0.39
SMARDEX AMM,"['Ethereum', 'BSC', 'Polygon', 'Arbitrum', 'Base']",Dexs,5703.0,109777.0,1256916.0,153.35,1208.03,122.77
BladeSwap AMM,['Blast'],Dexs,5525.0,6760.0,30345.0,36296.57,972.82,33466.22
Raphael Exchange AMM,['Robinhood Chain'],Dexs,5509.0,42360.0,1854820.0,33.04,2.11,-98.08
Seer,"['Ethereum', 'Gnosis']",Prediction Market,5396.0,65808.0,157999.0,186.26,4.78,-46.62
Nuri CL,['Scroll'],Dexs,5344.0,24976.0,134512.0,136.25,5.4,-3.07
EulerSwap,"['Ethereum', 'Unichain', 'BSC', 'Monad']",Dexs,5316.0,18759.0,862050.0,140.76,169.98,29.63
Upheaval V3,['Hyperliquid L1'],Dexs,5283.0,17896.0,66349.0,167.63,269.7,567.05
MDEX,"['BSC', 'Heco', 'Bittorrent']",Dexs,5184.0,11546.0,11558.0,-18.52,,16622.58
Splash Protocol,['Cardano'],Dexs,5114.0,31351.0,180422.0,55.39,21.04,68.83
bot.fun,['Eden'],Launchpad,5071.0,48640.0,269869.0,-32.81,-43.67,-64.55
Ubeswap V3,['Celo'],Dexs,5044.0,45081.0,189622.0,-13.97,104.96,-0.45
Curve LlamaLend,"['Ethereum', 'Arbitrum', 'OP Mainnet', 'Fraxtal', 'Sonic']",Lending,4969.0,21622.0,115546.0,100.52,56.55,-6.51
Sheriff V3,['Robinhood Chain'],Dexs,4874.0,20689.0,1890954.0,39.18,68.88,-38.04
DeltaSwap,"['Arbitrum', 'Base', 'Ethereum']",Dexs,4847.0,42787.0,268799.0,-29.3,-44.93,-53.42
WanSwap Dex,['Wanchain'],Dexs,4783.0,40625.0,176175.0,5.87,171.61,100.21
Treble Spot,['Base'],Dexs,4698.0,51333.0,354149.0,70.4,-36.66,-29.18
Somnia Exchange,['Somnia'],Dexs,4664.0,50586.0,167413.0,-24.14,37.95,-59.29
ArcherSwap,['CORE'],Dexs,4493.0,21682.0,134903.0,107.72,10.28,41.91
Flamingo Finance,['NEO'],Dexs,4444.0,30949.0,96539.0,47.84,761.24,
Capybara Dexs,['Kaia'],Dexs,4425.0,17156.0,40795.0,203.29,255.99,1384.9
Yuzu Finance,['Movement'],Dexs,4363.0,42238.0,236311.0,-45.52,46.56,-43.29
KLEX Finance,['Kaia'],Dexs,4297.0,26213.0,68241.0,-52.0,73.2,674.23
ColorPool,['Chromia'],Dexs,4190.0,30959.0,78186.0,-54.1,217.42,
Swapr V2,"['Ethereum', 'Gnosis', 'Arbitrum']",Dexs,4186.0,51276.0,174015.0,40.0,-34.8,-0.66
RobinSwap V3,['Robinhood Chain'],Dexs,3932.0,29740.0,381017.0,10.48,-23.19,-93.46
SpookySwap V2,"['Fantom', 'Horizen EON', 'Bittorrent', 'Sonic']",Dexs,3928.0,44936.0,119771.0,115.35,1158.97,13.92
H2 Finance V2,['Cronos zkEVM'],Dexs,3881.0,40837.0,155937.0,54.25,17.57,10.6
Saros DLMM,['Solana'],Dexs,3860.0,22593.0,128948.0,2473.33,114.56,21.65
Kast Card,['Movement'],Crypto Card Issuer,3753.0,47940.0,211403.0,-68.7,-46.1,-42.63
Sanctum Infinity,['Solana'],Dexs,3714.0,149389.0,4234590.0,-48.29,-90.47,-99.29
Arctide DEX,['Arc'],Dexs,3683.0,89802.0,392958.0,-61.57,-55.57,
WannaSwap,['Aurora'],Dexs,3588.0,47361.0,218884.0,-52.63,-74.32,548.82
GT3,['Polygon'],Dexs,3466.0,31311.0,111383.0,63.95,105.94,-77.77
Virtus Protocol CL,['Base'],Dexs,3431.0,29402.0,174899.0,-4.98,16.15,-54.3
Wise Token,['Ethereum'],Yield,3317.0,64487.0,301835.0,41.57,133.76,-62.78
Enosys AMM V2,"['Flare', 'Songbird']",Dexs,3208.0,39269.0,72033.0,12.44,816.57,537.77
Quainance DEX,['Quai'],Dexs,3140.0,30678.0,82613.0,-41.74,157.17,1674.01
Rooster Protocol V2,['Plume Mainnet'],Dexs,3121.0,30489.0,139531.0,-51.25,-29.53,-38.31
BaseSwap V2,['Base'],Dexs,3119.0,24916.0,98881.0,20.19,-19.13,-55.42
Counterparty DEX,['Bitcoin'],Dexs,3089.0,31075.0,196244.0,399.03,38.03,-67.09
WagerUp Predictions,['Polygon'],Interface,3085.0,31842.0,85674.0,-66.58,103.36,9.55
SupSwap V3,['Mode'],Dexs,3016.0,6615.0,34387.0,1761.73,214.17,66.45
sTONks,"['TON', 'Solana']",Launchpad,2937.0,49143.0,97403.0,-67.15,1012.5,5.46
Nile CL,['Linea'],Dexs,2937.0,10328.0,66726.0,206.26,222.04,297.97
Lunya DEX,['Arc'],Dexs,2890.0,13637.0,38871.0,19.27,40.77,
MooniSwap,['Ethereum'],Dexs,2878.0,18450.0,93967.0,67.52,34.24,-13.1
Joe V2,"['Avalanche', 'Arbitrum', 'BSC', 'Ethereum']",Dexs,2872.0,20878.0,94407.0,-19.17,-27.36,68.45
Avici,['Ethereum'],Crypto Card Issuer,2852.0,116205.0,356548.0,-81.88,-49.82,-70.44
BulbaSwap V2,['Morph'],Dexs,2803.0,13214.0,111602.0,127.15,-19.38,24.47
StonkBrokers Nightshades,['Robinhood Chain'],Launchpad,2786.0,68833.0,1262028.0,-77.01,-65.81,
OolongSwap,['Boba'],Dexs,2740.0,23404.0,45767.0,892.75,198.47,249.04
Mercurifi Launchpad,['Arc'],Launchpad,2711.0,6529.0,63964.0,749.84,9.98,
Bean Exchange,['Monad'],Dexs,2664.0,17418.0,39367.0,-55.48,571.03,436.02
SimpleDEX,['XPR Network'],Dexs,2630.0,18745.0,99334.0,1.15,24.7,-3.42
Sologenic,['XRPL'],Dexs,2413.0,89978.0,459355.0,-92.86,-50.58,-7.19
Merchant Moe DEX,['Mantle'],Dexs,2335.0,30141.0,184716.0,-53.41,-46.9,-90.21
Platypus Finance,['Avalanche'],Dexs,2334.0,68867.0,298213.0,-88.59,-87.56,-49.65
Etherex Legacy,['Linea'],Dexs,2285.0,36206.0,170924.0,-74.76,-50.1,-68.38
Meridian AMM,['Movement'],Dexs,2257.0,8998.0,31586.0,-13.69,1022.89,175.58
Calamari,['Ink'],Dexs,2236.0,248504.0,658246.0,-93.38,53.78,
VaporDex V1,"['Avalanche', 'ApeChain', 'Telos']",Dexs,2192.0,19874.0,118117.0,-35.22,-40.77,392.58
Polycat,['Polygon'],Farm,2155.0,24561.0,81668.0,29.35,-26.48,-46.93
Zebra V2,['Scroll'],Dexs,2129.0,7504.0,50763.0,190.85,9.69,60.56
flooor.fun,['Base'],NFT Marketplace,2085.0,21675.0,75074.0,465.04,-68.95,-22.89
CL8Y DEX,['Terra Classic'],Dexs,2082.0,7425.0,32492.0,5.36,,28.2
SpookySwap V3,"['Fantom', 'Sonic']",Dexs,2080.0,29515.0,283053.0,-41.29,-69.57,-85.03
RadioShack,"['Polygon', 'BSC', 'Ethereum', 'Fantom', 'Avalanche']",Dexs,2074.0,12676.0,59043.0,106.78,-1.29,140.88
XSwap V2,['XDC'],Dexs,2019.0,17656.0,60153.0,-5.52,-14.34,144.14
swap.coffee,['TON'],DEX Aggregator,1979.0,27516.0,60015.0,-57.17,69.87,-4.16
Aster Predictions,['Off Chain'],Prediction Market,1940.0,4092.0,71063.0,10.54,592.86,-28.47
MachineX Legacy,['Peaq'],Dexs,1937.0,23720.0,109635.0,-77.41,-71.63,-44.88
WigoSwap,['Fantom'],Dexs,1895.0,29001.0,110541.0,74.49,964.61,-76.77
Tsunami,['Ink'],Launchpad,1839.0,192454.0,4088819.0,-93.36,57.31,
WardenSwap,"['BSC', 'OP Mainnet', 'Ethereum', 'Polygon', 'Arbitrum']",Dexs,1830.0,10188.0,62765.0,140.47,41.53,93.86
ARK Launch,['Arc'],Launchpad,1827.0,91057.0,418290.0,4.22,-92.69,
Topaz AMM,"['BSC', 'Ethereum', 'Base', 'Robinhood Chain', 'Arc']",Dexs,1826.0,10944.0,93255.0,3.63,66.15,-46.14
ShibaSwap V2,"['Ethereum', 'Shibarium']",Dexs,1731.0,4455.0,29161.0,34.81,840.76,242.77
KIM Exchange V3,['Mode'],Dexs,1713.0,55018.0,185130.0,-44.13,-22.7,-2.62
Zyberswap V3,['Arbitrum'],Dexs,1706.0,18915.0,123601.0,-24.78,-16.45,-48.91
WinerySwap,['BSC'],Dexs,1702.0,11408.0,67536.0,33.28,-9.18,44.24
Titano Swych,['BSC'],Dexs,1699.0,9404.0,56662.0,90.47,22.76,71.1
NOXA DEX V3,"['Hyperliquid L1', 'Plasma', 'Monad', 'Katana', 'MegaETH']",Dexs,1695.0,7881.0,27718.0,-34.51,73.31,117.59
SwapBased Concentrated Liquidity,['Base'],Dexs,1688.0,12844.0,125500.0,-18.1,-18.06,-42.51
KnightSwap Finance,"['BSC', 'Fantom']",Dexs,1647.0,12024.0,70097.0,109.28,6.53,66.53
zkSwap V3,"['ZKsync Era', 'Sonic', 'Monad']",Dexs,1636.0,4760.0,35505.0,80.37,148.25,42.63
OVERDOG,['Polygon'],Interface,1625.0,21607.0,202467.0,-16.58,-76.9,-33.02
Meshswap,['Polygon'],Dexs,1616.0,10606.0,47224.0,44.8,8.68,167.55
Kittenswap AMM,['Hyperliquid L1'],Dexs,1541.0,28139.0,146372.0,40.09,-78.19,-64.25
PredictStreet,['ADI'],Prediction Market,1512.0,9328119.0,75733765.0,-99.84,-99.76,-99.81
Asset Chain Swap,['Asset Chain'],Dexs,1486.0,19735.0,78351.0,181.97,-53.34,-42.0
EchoDEX V3,['Linea'],Dexs,1462.0,5444.0,31975.0,150.34,86.01,63.35
GarudaDefi,['Terra Classic'],Dexs,1454.0,8109.0,87942.0,28.33,-6.13,-65.06
SwapBased AMM,['Base'],Dexs,1435.0,15944.0,89426.0,-75.72,71.45,9.79
PumpBox,"['Base', 'Robinhood Chain']",Physical TCG,1412.0,8539.0,89020.0,85.3,-38.66,-86.19
Alita Finance,['BSC'],Dexs,1410.0,8656.0,60744.0,74.07,-16.02,49.68
Gate Fun,['GateLayer'],Launchpad,1399.0,6067.0,37436.0,-34.04,-13.27,124.56
Dystopia,['Polygon'],Dexs,1377.0,8995.0,22702.0,39.37,-45.57,359.0
Pharaoh CL,['Avalanche'],Dexs,1356.0,53762.0,190699.0,-91.54,-65.87,-89.68
Wswap,"['Ethereum', 'W Chain']",Dexs,1293.0,6035.0,19604.0,-48.67,100.15,129.66
Thirdfy,['Base'],Dexs,1289.0,9025.0,34915.0,7.78,9.7,49.71
KittyPunch PunchSwap V3,['Flow'],Dexs,1196.0,8124.0,68109.0,138.72,-32.08,-8.77
ApertureSwap,['Manta'],Dexs,1178.0,5214.0,56820.0,91.23,226.32,-74.1
Sanctum Reserve,['Solana'],Yield,1176.0,403963.0,5145218.0,-99.57,-94.97,-98.77
JetSwap,"['BSC', 'Fantom', 'Polygon']",Dexs,1164.0,9535.0,38344.0,27.35,-42.23,83.6
Ammalgam DLEX,['Ethereum'],Lending,1129.0,4914.0,44111.0,34.24,-4.56,-46.87
Saphyre V2,['Sei'],Dexs,1033.0,25784.0,118281.0,-29.3,-81.09,-89.0
Elexium,['Alephium'],Dexs,1012.0,2067.0,20225.0,255.09,1050.0,1675.44
AutoRange,"['Arbitrum', 'Celo']",Dexs,1011.0,1041.0,853453.0,20242.05,20242.05,-99.48
E3,"['Fantom', 'Arbitrum', 'Base']",Dexs,1001.0,21027.0,83297.0,-90.21,-16.86,-44.02
AutoShark,['BSC'],Dexs,980.0,5175.0,25192.0,83.52,21.29,61.72
Alphix,"['Base', 'Arbitrum']",Dexs,964.0,7029.0,333208.0,-34.51,47.4,-99.05
Maia CL,['Metis'],Dexs,958.0,8921.0,35320.0,291.02,14.46,108.26
H2 Finance V3,['Cronos zkEVM'],Dexs,930.0,11358.0,37722.0,-22.95,-29.17,-27.23
Retro,['Polygon'],Dexs,901.0,10844.0,54071.0,-31.53,-70.2,-72.81
SpinUp DEX,['Hyperliquid L1'],Dexs,881.0,6690.0,20411.0,39.62,29.56,242.8
Alt Fun,['Hyperliquid L1'],Launchpad,873.0,27954.0,914599.0,-81.16,-98.05,-95.79
MuesliSwap,"['Cardano', 'Milkomeda C1']",Dexs,868.0,8349.0,17106.0,2311.11,-62.13,
Pearl V1,['Polygon'],Dexs,830.0,4526.0,24987.0,505.84,-90.16,-15.99
Swop,"['Waves', 'Unit Zero']",Dexs,816.0,7531.0,177814.0,-7.8,-50.27,-87.68
Blue Planet,['BSC'],Dexs,799.0,3822.0,76554.0,121.94,49.63,77.95
Pixie Chess,['Base'],Gaming,793.0,6578.0,27938.0,9.99,-5.93,-22.78
Kokonut Swap,"['Kaia', 'Polygon zkEVM', 'Base']",Dexs,775.0,10404.0,13873.0,-89.39,406.54,239.91
Unitflow Finance V3,['Arc'],Dexs,772.0,2875.0,2875.0,-4.1,,
RobinSwap V2,['Robinhood Chain'],Dexs,768.0,4592.0,34213.0,46.29,-7.69,-64.53
OraiDEX,['Oraichain'],Dexs,751.0,61719.0,120534.0,-92.07,-20.7,-14.27
SolidLizard Dex,['Arbitrum'],Dexs,741.0,4632.0,32026.0,71.93,-9.08,-35.06
Solidly V2,['Ethereum'],Dexs,706.0,7066.0,51462.0,341.25,133.77,93.96
Gravity Finance,['Polygon'],Dexs,698.0,3769.0,18730.0,114.11,30.96,16.14
Zyberswap AMM,['Arbitrum'],Dexs,686.0,3338.0,21892.0,73.23,9.94,-4.85
Kodiak V2,['Berachain'],Dexs,678.0,8976.0,42428.0,-57.09,-24.25,74.29
Revoswap,['X Layer'],Dexs,666.0,11300.0,110884.0,-62.73,-4.31,-71.95
ShapeSwap V3,['Shape'],Dexs,645.0,7629.0,224678.0,1302.17,-30.57,-99.95
PancakeSwap Lottery,['BSC'],Luck Games,644.0,22840.0,128270.0,-90.52,-86.37,122.07
DackieSwap V3,"['Base', 'OP Mainnet', 'Arbitrum', 'Blast', 'Mode', 'X Layer', 'Linea']",Dexs,629.0,4714.0,25431.0,43.28,-19.67,-63.09
Bifrost DEX,['Bifrost'],Dexs,625.0,8528.0,39451.0,-90.34,-78.6,-70.01
Chronos V1,['Arbitrum'],Dexs,607.0,4136.0,31182.0,61.01,7.62,-44.0
QuickSwap Liquidity Hub,['Polygon'],Services,605.0,15019.0,65155.0,0.0,-93.99,-64.24
AllBlue V2,['Avalanche'],Dexs,598.0,5492.0,32690.0,-11.14,-18.08,-18.08
HyperJump,"['BSC', 'Fantom', 'Metis']",Dexs,592.0,4119.0,23337.0,45.45,0.51,24.63
Elk,"['Avalanche', 'Polygon', 'Fantom', 'BSC', 'Gnosis', 'KCC', 'Elastos', 'IoTeX', 'Fuse', 'OKTChain', 'Ethereum', 'Arbitrum', 'OP Mainnet', 'Telos', 'Metis', 'Linea', 'Moonriver', 'Base']",Dexs,566.0,4606.0,35592.0,-16.15,-8.12,68.96
Equilibre,['Kava'],Dexs,557.0,7333.0,22277.0,-61.21,495.79,2861.19
Probable,['BSC'],Prediction Market,500.0,837.0,2359.0,52.91,,7396.25
Levinswap,['Gnosis'],Dexs,499.0,920.0,3789.0,984.78,1896.0,83.46
HorizonDEX,"['Linea', 'Base']",Dexs,483.0,1935.0,23592.0,355.66,64.85,159.68
SwapHood V2,['Robinhood Chain'],Dexs,481.0,3114.0,13976.0,307.63,78.81,-80.71
WESO DeFi,['Terra Classic'],Dexs,471.0,3961.0,11409.0,205.84,254.14,
Yaka V3,['Sei'],Dexs,467.0,1619.0,8912.0,27.25,-76.68,1768.0
RivrDEX,['Vara'],Dexs,460.0,7286.0,45923.0,-29.12,-91.37,-83.53
AlfaClub,['Base'],SoFi,435.0,23301.0,29558.0,15.69,-30.51,-43.51
Pangea Swap,['Kaia'],Dexs,434.0,510.0,3203.0,3015.58,1384.27,676.11
HakuSwap,['Avalanche'],Dexs,418.0,2648.0,14638.0,91.74,-20.83,52.0
Helios V3,['RISE'],Dexs,412.0,2057.0,18057.0,1062.2,-67.89,-80.13
Thick,"['Arbitrum', 'Base', 'Fantom', 'Sonic']",Dexs,407.0,10244.0,26825.0,-62.0,-86.24,-68.98
DragonSwap V2 Kaia,['Kaia'],Dexs,402.0,2169.0,95116.0,-46.04,221.6,111.58
MinMax Finance,['IoTeX'],Dexs,400.0,1620.0,20565.0,18679.34,233.33,32.01
Nearpad,['Aurora'],Dexs,400.0,5473.0,21044.0,-52.55,-65.1,482.92
PhotonSwap Finance,['Cronos'],Dexs,398.0,3480.0,9996.0,-10.96,-18.61,172.6
Kublerx,['KUB'],Dexs,394.0,3503.0,97256.0,-67.6,-79.61,-90.7
Metropolis AMM,['Sonic'],Dexs,391.0,4092.0,35468.0,-76.64,-26.5,-63.66
KIM Exchange V2,['Mode'],Dexs,380.0,3411.0,26156.0,13186.71,19.12,-77.3
Arbitrum Exchange V2,['Arbitrum'],Dexs,369.0,3317.0,30181.0,-12.56,-49.93,-69.15
Sendfun DEX,['Solana'],Dexs,356.0,2939.0,21296.0,-63.37,45.9,-62.76
SpicySwap,['Tezos'],Dexs,351.0,1682.0,16961.0,777.5,30.97,575.0
SpiritSwap AMM,['Fantom'],Dexs,338.0,24318.0,57296.0,25.19,424.93,-86.66
Gravis Finance,"['BSC', 'Polygon', 'Heco']",Dexs,337.0,1798.0,11748.0,101.8,0.0,35.89
Pinto,['Base'],Algo-Stables,336.0,5351.0,22867.0,-26.48,-38.01,-76.83
Taiko Swap,['Taiko'],Dexs,322.0,1807.0,5633.0,163.93,187.5,76.92
X3X,['World Chain'],Prediction Market,321.0,1738.0,5164.0,-29.3,13.43,505.09
Scribe V4,['Scroll'],Dexs,305.0,1368.0,7632.0,134.62,61.38,397.31
Swapsicle V1,"['Polygon', 'OP Mainnet', 'Fantom', 'Avalanche', 'Ethereum', 'Arbitrum', 'BSC', 'Telos']",Dexs,304.0,4070.0,17997.0,-27.79,-67.73,439.01
Polycule,['Polygon'],Interface,290.0,1026.0,9585.0,-5.84,1712.5,1833.33
Pez Family,['Robinhood Chain'],Launchpad,288.0,1140.0,441337.0,-39.11,959900.0,
PadSwap,"['BSC', 'Moonriver', 'Moonbeam']",Dexs,286.0,1564.0,11293.0,69.23,15.32,70.24
Pharaoh Legacy,['Avalanche'],Dexs,274.0,10052.0,190266.0,-35.22,-89.03,-37.59
LuaSwap,"['Ethereum', 'Viction']",Dexs,269.0,844.0,9361.0,90.78,203.34,142.34
PurpsExchange,['Monad'],Dexs,268.0,1653.0,3857.0,-31.98,170.43,372.16
LiquidLaunch,['Hyperliquid L1'],Launchpad,268.0,5006.0,204346.0,-65.1,535900.0,-95.97
Crodex,['Cronos'],Dexs,257.0,3396.0,10111.0,-34.61,-43.02,80.99
MorFi,['Morph'],Dexs,247.0,992.0,5759.0,152.84,-0.4,66.89
Cometh,['Polygon'],Dexs,246.0,7142.0,24626.0,-73.2,-97.33,-8.89
Cone,['BSC'],Dexs,245.0,9214.0,34579.0,-34.84,133.33,-42.62
MojitoSwap,['KCC'],Dexs,244.0,4402.0,32574.0,73.05,-72.52,48.78
Butter.xyz,['Mantle'],Dexs,240.0,1927.0,18153.0,250.11,8.11,21.83
ZKBase,['ZKsync Era'],Dexs,236.0,1178.0,6939.0,21.65,73.53,66.2
SwapMode V2,['Mode'],Dexs,226.0,1711.0,13822.0,773.26,-23.91,-69.08
Koi Finance CL,['ZKsync Era'],Dexs,222.0,2028.0,34637.0,-74.07,8.29,-92.98
Catnip,['Robinhood Chain'],Dexs,221.0,2003.0,48536.0,-23.0,-23.0,-88.26
EddyFinance AMM,['ZetaChain'],Dexs,218.0,889.0,8646.0,553.09,855.72,335.56
Trueo,['Base'],Prediction Market,216.0,4659.0,10848.0,-57.98,,
Bubble Curve,['Shido'],Launchpad,215.0,3933.0,65603.0,-20.37,-15.02,-66.46
9mm V2,"['PulseChain', 'Base', 'Sonic']",Dexs,210.0,2370.0,13149.0,-54.55,-35.98,-42.93
Unicly,['Ethereum'],Dexs,210.0,380.0,1079.0,56656.76,827.56,-92.15
Aequinox,['BSC'],Dexs,206.0,1310.0,7244.0,201.96,50.36,92.52
HeliSwap,['Hedera'],Dexs,205.0,4325.0,6104.0,164.76,286.72,
Goblins AMM,"['Base', 'BSC', 'smartBCH']",Dexs,197.0,1443.0,12293.0,191.59,-40.66,242.13
Crovia NFT Marketplace,['Cronos'],NFT Marketplace,190.0,343.0,2757.0,68.14,-40.06,1257.14
DefiPlaza,"['Ethereum', 'Radix']",Dexs,185.0,2745.0,156947.0,-36.21,86.87,-98.91
HX Finance,['Hyperliquid L1'],Dexs,184.0,873.0,2550.0,44.88,194.87,452.06
Meme Cooking,['Near'],Launchpad,175.0,11324.0,11324.0,993.75,,
Somnex DEX,['Somnia'],Dexs,169.0,1776.0,5894.0,42.02,74.23,-65.01
Arena SocialFi,['Avalanche'],SoFi,164.0,2995.0,21139.0,-87.52,-21.9,-56.96
IcecreamSwap V2,"['Bitgert', 'CORE']",Dexs,163.0,728.0,4802.0,237.19,83.85,52.34
Ramses Legacy,['Arbitrum'],Dexs,159.0,1602.0,11158.0,-36.4,-74.6,-42.6
Gliquid,['Hyperliquid L1'],Dexs,157.0,2041.0,12306.0,-0.63,-62.53,-67.29
Hercules V2,['Metis'],Dexs,154.0,621.0,2516.0,214.29,1300.0,46.67
Lynex V1,['Linea'],Dexs,149.0,6545.0,18288.0,27.35,-12.35,85.9
Sushi Aptos,['Aptos'],Dexs,149.0,24331.0,148646.0,-94.07,-96.45,-97.3
Yaka V2,['Sei'],Dexs,140.0,2250.0,13845.0,677.78,-86.42,-89.18
FVM Exchange,['Fantom'],Dexs,134.0,1401.0,6319.0,-30.93,2054.34,-70.29
RobinFun,['Robinhood Chain'],Launchpad,129.0,129.0,13328.0,,,-15.13
Oswap AMM,['Obyte'],Dexs,128.0,5439.0,31680.0,220.0,-77.5,-20.0
Tristero Darkpool,"['Monad', 'Berachain', 'OP Mainnet', 'Avalanche', 'Ethereum', 'Base', 'Arbitrum', 'Sonic', 'Mode', 'Linea', 'Scroll', 'Gnosis', 'Polygon', 'Unichain', 'Ink', 'Abstract', 'Mantle', 'BOB', 'ApeChain', 'Ronin']",Dexs,125.0,27788.0,99341.0,150.0,-99.42,
Rooster Protocol V1,"['Plume', 'Plume Mainnet']",Dexs,123.0,3324.0,21123.0,-81.67,-85.75,-80.75
GreenTown,['Robinhood Chain'],SoFi,122.0,324.0,2520.0,491.66,2044.11,-50.41
sendfun Launchpad,['Solana'],Launchpad,120.0,1825.0,19286.0,-21.05,-70.52,-88.08
FlowBot Prediction,['Polygon'],Interface,119.0,762.0,3236.0,20.2,20.2,20.2
NarBet,['Monad'],Luck Games,118.0,1601.0,2060.0,-57.4,3718.77,247.77
OkieSwap V2,['X Layer'],Dexs,111.0,594.0,11755.0,55.86,1813.79,-17.16
SilverSwap,['Sonic'],Dexs,111.0,686.0,5259.0,50.0,29.07,177.5
Embr Finance,['Avalanche'],Dexs,105.0,4557.0,9151.0,1761.7,338.23,-89.88
ParitySwap V2,['Robinhood Chain'],Dexs,103.0,163.0,589.0,146.23,1479.75,916.78
EchoDEX V2,['Linea'],Dexs,98.0,383.0,5079.0,621.65,139.02,452.74
DashsWallet,"['OP Mainnet', 'Base', 'Avalanche', 'Arbitrum', 'BSC', 'Polygon', 'Ethereum']",Portfolio Tracker,96.0,1496.0,8207.0,-72.57,,
DTX Dex V3,['Taiko'],Dexs,95.0,313.0,1520.0,214.33,126.57,230.37
KyotoSwap,['BSC'],Dexs,93.0,1438.0,6804.0,109.27,-67.17,-72.2
Everdex,['Bifrost Network'],Dexs,93.0,23020.0,392503.0,-99.38,-99.56,
PinkSwap,['BSC'],Dexs,89.0,509.0,3478.0,163.16,1.94,61.0
Grail.xyz,['Base'],Physical TCG,80.0,4800.0,15560.0,-27.27,-33.33,
HumanFi,['World Chain'],DEX Aggregator,79.0,695.0,1878.0,-8.36,-30.29,-14.6
AmpleSwap,['BSC'],Dexs,77.0,604.0,7090.0,50.72,-60.78,105.37
Sphynx,"['BSC', 'Cronos', 'Bitgert']",Dexs,74.0,365.0,4199.0,95.78,-95.79,48.16
YieldFields,['BSC'],Dexs,74.0,229.0,1460.0,269.82,649.04,380.34
friend.tech V1,['Base'],SoFi,73.0,8408.0,27629.0,-12.05,-85.69,-82.77
Hybra V2,"['Hyperliquid L1', 'Robinhood Chain']",Dexs,70.0,516.0,2415.0,20.48,-28.9,-6.83
Foci,['Arc'],Launchpad,69.0,5013.0,171009.0,493.65,-97.53,
Velocimeter V4,['IOTA EVM'],Dexs,69.0,749.0,4370.0,-6.27,-40.72,-83.45
firefly,['Manta'],Dexs,62.0,198.0,2607.0,59.28,235.24,-12.73
Axial,['Avalanche'],Dexs,62.0,2122.0,14844.0,195.24,-25.3,87.88
SmartDEX,['Polygon'],Dexs,58.0,318.0,1885.0,112.8,19.71,32.27
EmpireDEX,"['BSC', 'Polygon', 'Avalanche', 'Gnosis', 'Ethereum', 'Fantom', 'Kava', 'Cronos']",Dexs,57.0,492.0,1752.0,-15.45,-6.99,193.56
Mento V2,['Celo'],Algo-Stables,55.0,26519.0,86933.0,-99.65,-97.18,-99.51
Mobius Money,['Celo'],Dexs,53.0,1854.0,3712.0,-94.03,1740.28,70.97
Hydradex V3,"['Hydra', 'Hydra Chain']",Dexs,53.0,1149.0,7897.0,-35.17,-5.64,-7.23
Stable Swap V3,['Stable'],Dexs,51.0,697.0,3692.0,-63.79,,529.59
DerpDEX,"['ZKsync Era', 'Base', 'opBNB']",Dexs,49.0,172.0,1336.0,345.83,54.16,83.94
Zebra V1,['Scroll'],Dexs,49.0,193.0,994.0,208.86,113.78,110.31
reddex,['Redbelly'],Dexs,49.0,369.0,5607.0,-33.78,-78.32,-47.31
Ninja Blaze,['Injective'],Prediction Market,49.0,3312.0,8255.0,-81.08,-89.35,-97.31
SparkDEX V3,['Flare'],Dexs,48.0,378.0,2211.0,-1.27,-43.07,-49.56
Rayls Swap,['Rayls'],Dexs,47.0,393.0,393.0,-73.8,,
cytoswap,['HeLa'],Dexs,46.0,82.0,196.0,,318.18,
Voltage AMM,['Fuse'],Dexs,45.0,1753.0,9369.0,-42.65,-83.58,-77.08
Thaw,['Hyperliquid L1'],Luck Games,44.0,95.0,349.0,720.9,,-16.78
Based Predict,['Polygon'],Interface,42.0,4402.0,29164.0,0.0,709.25,-98.1
VinuSwap,['VinuChain'],Dexs,41.0,46.0,987.0,,,
Sheriff V2,['Robinhood Chain'],Dexs,41.0,312.0,1507.0,-67.07,63.68,8.87
JAINE,['0G'],Dexs,36.0,1018.0,1961.0,-20.96,46.24,-63.36
Mosaic AMM,['Movement'],Dexs,34.0,238.0,1020.0,0.0,0.0,0.0
HunnySwap,['Avalanche'],Dexs,33.0,6552.0,9467.0,-89.88,198.91,-61.79
GunFun,['Solana'],Launchpad,33.0,711.0,1317.0,1962.5,-80.81,625.27
Ready Cards,['Solana'],Physical TCG,32.0,3828.0,51313.0,-97.06,,-99.23
DefiChain DEX,['DefiChain'],Dexs,32.0,16285.0,118420.0,-99.36,-90.33,-94.79
BurrBear,['Berachain'],Dexs,30.0,353.0,1041.0,-11.36,21.55,153.13
Pandora,['BSC'],Dexs,29.0,167.0,1205.0,79.34,60.08,51.44
Somnex V3,['Somnia'],Dexs,28.0,860.0,1330.0,-60.0,-20.0,-26.32
Cleopatra Legacy,['Mantle'],Dexs,28.0,218.0,1659.0,878.55,430.58,147.85
Ociswap Precision,['Radix'],Dexs,28.0,1034.0,7529.0,188.66,0.0,
ProtoFi,['Fantom'],Dexs,28.0,945.0,2787.0,-7.21,1036.55,-74.27
Fanex,['Solana'],Launchpad,25.0,138.0,529.0,217.26,-32.43,
SquadSwap V2,['BSC'],Dexs,24.0,211.0,1665.0,-48.16,,
Nuri Legacy,['Scroll'],Dexs,24.0,215.0,530.0,-28.59,446.85,172.5
Swapsicle V2,"['Mantle', 'Telos', 'Taiko']",Dexs,24.0,2948.0,9996.0,0.59,-75.79,218.53
FusionX V2,['Mantle'],Dexs,23.0,606.0,3126.0,-38.49,-27.89,-0.52
Prophet Prediction Market,['Polygon'],Prediction Market,23.0,676.0,1662.0,-89.93,-77.06,1330.25
Baryon Network,"['Ancient8', 'BSC', 'KUB']",Dexs,23.0,190.0,656.0,1882.76,164.98,130.0
Rarible,"['Ethereum', 'Polygon']",Services,23.0,265.0,2513.0,-76.29,,-68.92
DataDex,['Vana'],Dexs,23.0,29.0,230.0,,,649.51
Gin Finance,['Boba'],Dexs,21.0,131.0,338.0,,505.71,78.75
Macaron AMM,['Bitlayer'],Dexs,21.0,237.0,1124.0,-61.11,-74.39,-97.38
WhaleSwap,"['BSC', 'Fantom']",Dexs,21.0,75.0,515.0,82.63,81.38,34.26
Cropper CLMM,['Solana'],Dexs,20.0,82.0,114.0,5000.0,-4.85,
Solidly,['Fantom'],Dexs,20.0,1881.0,12784.0,33.74,160.81,-91.84
Rabbit Swap,['Viction'],Dexs,19.0,1127.0,8247.0,-80.98,,-57.84
World Markets Spot,['MegaETH'],Dexs,19.0,57688.0,763743.0,-99.62,,-96.35
Complus Network,"['BSC', 'Avalanche', 'Polygon', 'Heco']",Dexs,18.0,1901.0,7246.0,,-97.18,-92.65
ICDex,['ICP'],Dexs,18.0,307.0,309918.0,,,-99.99
UltronSwap,['Ultron'],Dexs,17.0,1040.0,11215.0,-10.62,-86.39,-97.27
Ociswap Basic,['Radix'],Dexs,16.0,448.0,4527.0,-65.22,-15.79,
MM Finance Arbitrum,['Arbitrum'],Dexs,14.0,53.0,285.0,79.5,246.17,183.89
Morpheus Swap,['Fantom'],Dexs,14.0,1520.0,3269.0,419.78,382.65,-74.91
Polaris Finance,"['Aurora', 'Telos']",Dexs,12.0,103.0,1005.0,166.89,-80.41,
Cypher V2,['Ethereum'],Dexs,11.0,19.0,162.0,362.18,,61.53
Morpheus,['Robinhood Chain'],Dexs,10.0,83.0,9089.0,99.17,52.31,60.2
Archly V2,"['Arbitrum Nova', 'Arbitrum', 'Avalanche', 'Base', 'BSC', 'Cronos', 'Fantom', 'Kava', 'Mantle', 'Metis', 'Neon', 'OP Mainnet', 'Polygon', 'Telos', 'Blast', 'Fraxtal', 'Filecoin', 'Mode', 'Zora', 'ZKsync Era', 'Ethereum', 'Sonic']",Dexs,9.0,27.0,201.0,-29.72,,276.92
Sailor,['Sei'],Dexs,8.0,1652.0,2104.0,-99.41,-73.33,-78.38
DAO Swap,['BSC'],Dexs,8.0,91.0,529.0,388.76,103.45,12.08
Arena Launch,['Avalanche'],Launchpad,7.0,218.0,38832.0,-84.05,-93.44,-95.79
UniDerp,['Unichain'],Launchpad,7.0,3121.0,27906.0,664.89,-98.87,
3xcalibur,['Arbitrum'],Dexs,7.0,27.0,522.0,3572.22,6510.0,257.3
Vaulta RAM,['Vaulta'],Dexs,6.0,2698.0,30660.0,-90.03,-22.65,-98.55
Canary,['Avalanche'],Dexs,6.0,135.0,1010.0,36.69,-92.06,-77.37
SwapMode V3,['Mode'],Dexs,6.0,26.0,550.0,558.14,17.43,-61.73
Ginseng Swap,['Conflux'],Dexs,6.0,850.0,5790.0,-96.43,-97.68,-87.41
ArthSwap V3,"['Astar', 'Astar zkEVM']",Dexs,6.0,47.0,474.0,85.13,-8.02,596.43
Tempo Fee AMM,['Tempo'],Dexs,6.0,13.0,93.0,312.99,129.6,344.76
ParitySwap V3,['Robinhood Chain'],Dexs,6.0,20.0,240.0,188.08,104.41,72.67
ChampagneSwap,['BSC'],Dexs,5.0,22.0,153.0,2645.0,278.62,104.85
Worm,['Solana'],Prediction Market,4.0,11052.0,51135.0,-99.59,-99.94,-99.95
SoulSwap,['Fantom'],Dexs,4.0,55.0,178.0,-81.57,40300.0,-60.47
FAZE,['Arc'],Launchpad,4.0,12889.0,454739.0,-99.54,-99.96,
LeonicornSwap,['BSC'],Dexs,3.0,20.0,153.0,,,165.71
Yoshi Exchange,"['Fantom', 'BSC', 'Ethereum']",Dexs,3.0,14.0,107.0,33600.0,,120.26
DackieSwap V2,"['Base', 'OP Mainnet', 'Arbitrum', 'Blast', 'Mode', 'X Layer', 'Linea']",Dexs,3.0,133.0,203.0,2133.33,-71.21,26700.0
BitGenie AMM,['Merlin'],Dexs,3.0,652.0,15556.0,-94.47,-41.27,-45.03
ZipSwap,"['OP Mainnet', 'Arbitrum']",Dexs,3.0,30.0,143.0,685.0,116.55,245.05
Darkness,['Cronos'],Dexs,3.0,49.0,3843.0,,-99.32,-95.13
Karura Swap,['Karura'],Dexs,3.0,5.0,2917.0,,-68.74,-81.36
Velar AMM,['Stacks'],Dexs,2.0,8834.0,27707.0,-99.83,-99.8,-99.86
Rainbow Predictions,['Polygon'],Interface,2.0,2.0,4300.0,,,-99.98
Heaven,['Solana'],Dexs,2.0,60.0,653.0,-91.72,,-69.11
Omni Exchange V2,"['Base', 'BSC', 'Avalanche', 'Sonic', 'OP Mainnet', 'Arbitrum', 'Plasma']",Dexs,2.0,78.0,203.0,191.67,4800.0,880.0
HoodFrens,['Robinhood Chain'],SoFi,2.0,776.0,9097.0,,-97.87,-99.96
RH.fun,['Robinhood Chain'],Launchpad,2.0,55.0,702.0,15.23,,
Atmos Studio,['Supra'],Launchpad,1.0,2605.0,5187.0,-11.11,-99.57,
Tomb Swap,['Fantom'],Dexs,1.0,240.0,611.0,-99.27,-72.47,-85.71
CryptoSwap,['BSC'],Dexs,1.0,1.0,3.0,,,
SupSwap V2,['Mode'],Dexs,1.0,3.0,53.0,700.0,-94.15,-97.72
Fenix Concentrated Liquidity,['Blast'],Dexs,1.0,1.0,1.0,,,
Keller Finance V3,['Scroll'],Dexs,1.0,1.0,3.0,450.0,,
Printr,"['BSC', 'Ethereum', 'Base', 'Monad', 'Arbitrum', 'Avalanche', 'Mantle']",Launchpad,1.0,735.0,9402.0,415.79,-99.69,
HypeMarket,['Supra'],Prediction Market,1.0,1.0,16.0,,,320.0
VanillaSwap V2,['DeFiChain EVM'],Dexs,1.0,35.0,766.0,-87.99,-95.41,-77.81
Swyrl CL,['Monad'],Dexs,0.0,0.0,0.0,,,
Kensei,['Katana'],Launchpad,0.0,0.0,0.0,,,
Saddle Finance,"['Ethereum', 'Arbitrum']",Dexs,0.0,1.0,502.0,,,-100.0
Archery V2,['Arc'],Dexs,0.0,0.0,0.0,,,
Kiltr,['Robinhood Chain'],Dexs,0.0,0.0,7.0,,,
StonkBrokers Broker Box,['Robinhood Chain'],Luck Games,0.0,0.0,240.0,,,-100.0
outbidfun.lol,['Robinhood Chain'],Launchpad,0.0,35.0,35.0,,,
Integral,"['Ethereum', 'Arbitrum']",Dexs,0.0,0.0,0.0,,,
WingSwap,['Fantom'],Dexs,0.0,3.0,12.0,,,
OkieLaunch,['X Layer'],Launchpad,0.0,0.0,0.0,,,
BrownFi V2,"['Berachain', 'Base', 'BSC', 'Arbitrum', 'Hyperliquid L1', 'Linea', 'Monad']",Dexs,0.0,0.0,0.0,,,
Upheaval V2,['Hyperliquid L1'],Dexs,0.0,0.0,0.0,,,
Mintiq Market,['XRPL EVM'],NFT Marketplace,0.0,0.0,0.0,,,
Standard Protocol Somnia,['Somnia'],Dexs,0.0,0.0,15.0,,,
SummitX Finance,['Camp Network'],Dexs,0.0,0.0,0.0,,,
Drip.Trade,['Hyperliquid L1'],NFT Marketplace,0.0,0.0,0.0,,,
OctoSwap Classic,['Monad'],Dexs,0.0,0.0,0.0,,,
Luna.fun,['BSC'],Launchpad,0.0,0.0,1701.0,,,
Ferra CLMM,['Sui'],Dexs,0.0,0.0,3360.0,,,-100.0
DyorSwap Launchpad,"['Plasma', 'Stable']",Launchpad,0.0,12253.0,15062.0,-100.0,,-100.0
Punk.Coffee,['BSC'],Prediction Market,0.0,0.0,0.0,,,
Hermes V1,['Metis'],Dexs,0.0,0.0,0.0,,,
PegaSys V2,['Syscoin'],Dexs,0.0,0.0,0.0,,,
SMBSwap V2,['BSC'],Dexs,0.0,0.0,2.0,,,
Premarket,['MegaETH'],Prediction Market,0.0,0.0,0.0,,,
ShapeSwap V2,['Shape'],Dexs,0.0,1122.0,48305.0,,-100.0,-100.0
SuperSwap V2,['OP Mainnet'],Dexs,0.0,0.0,0.0,,,
SuperSwap V3,['OP Mainnet'],Dexs,0.0,0.0,0.0,,,
Ocelex V1,['Zircuit'],Dexs,0.0,0.0,0.0,,,
Ocelex V2,['Zircuit'],Dexs,0.0,1.0,10.0,-84.0,-75.0,100.0
zkSwap StableSwap,['ZKsync Era'],Dexs,0.0,2422.0,13302.0,-100.0,-100.0,-100.0
Mach,"['Polygon', 'Blast', 'opBNB', 'Scroll', 'Ethereum', 'BSC', 'Arbitrum', 'Mode', 'Mantle', 'Avalanche', 'Base', 'OP Mainnet', 'Celo']",DEX Aggregator,0.0,0.0,0.0,,,
Trado Spot,['Flow'],Dexs,0.0,0.0,0.0,,,
Virtus Protocol AMM,['Base'],Dexs,0.0,0.0,0.0,,,
Lista DEX,"['Ethereum', 'BSC']",Dexs,0.0,0.0,984590105.0,,,-100.0
Rosetta,"['Hyperliquid L1', 'Base']",Yield Aggregator,0.0,0.0,0.0,,,
Stable Swap V2,['Stable'],Dexs,0.0,0.0,0.0,,,
Holoworld AI,['BSC'],Launchpad,0.0,0.0,7.0,,,
SolonPad,['Arc'],Launchpad,0.0,0.0,192.0,,,
Volmex,"['Ethereum', 'Polygon', 'Arbitrum']",Yield,0.0,190.0,517.0,-100.0,,
SailFish Finance,['EDU Chain'],Dexs,0.0,0.0,4849.0,,,-100.0
Cypher Card,"['OP Mainnet', 'Base', 'Avalanche', 'Ethereum', 'Polygon', 'Arbitrum']",Crypto Card Issuer,0.0,67503.0,136542.0,,,
Velox DEX,['Base'],Dexs,0.0,0.0,0.0,,,
Neony Exchange Spot,['Neony'],Dexs,0.0,0.0,0.0,,,
PigeonHouse,['Solana'],Launchpad,0.0,0.0,0.0,,,
QIEDex,['QIE'],Dexs,0.0,0.0,42.0,,,
Saphyre RFQ,['Sei'],Dexs,0.0,0.0,0.0,,,
Torch Dexs,['TON'],Dexs,0.0,2785.0,55238.0,-100.0,,
GraFun,"['BSC', 'Ethereum']",Launchpad,0.0,0.0,0.0,,,
SpaceWhale,['Arbitrum'],Derivatives,0.0,0.0,0.0,,,
Cables Finance,"['Arbitrum', 'Avalanche']",Dexs,0.0,0.0,0.0,,,
Demex AMM,['Carbon'],Dexs,0.0,0.0,12975.0,,,-100.0
Whalestreet,['Solana'],Dexs,0.0,4960460.0,186974070.0,,,-100.0
Priority,['MegaETH'],Telegram Bot,0.0,0.0,0.0,,,
Durianfun Launchpad,['KUB'],Launchpad,0.0,42.0,247.0,,,-100.0
TopStrike,['MegaETH'],Gaming,0.0,0.0,17327.0,,,-100.0
DiviSwap,['Chiliz'],Dexs,0.0,29.0,235.0,,-100.0,-100.0
OraiDEX Pool V3,['Oraichain'],Dexs,0.0,0.0,22.0,,,-100.0
Meridian Swap,['Telos'],Dexs,0.0,60.0,1534.0,-100.0,-100.0,-100.0
TanukiX,['Taiko'],Dexs,0.0,0.0,0.0,,,
XTrade,['X Layer'],Dexs,0.0,0.0,0.0,,,
Apex DeFi,"['Avalanche', 'Base', 'Ethereum']",Dexs,0.0,162.0,800.0,-100.0,-100.0,
Hashlock Markets,"['Sui', 'Ethereum']",Dexs,0.0,0.0,0.0,,,
Wasabi Prop AMM,['Base'],Dexs,0.0,0.0,0.0,,,
FarmCats Market,['Tempo'],NFT Marketplace,0.0,0.0,0.0,,,
Amigo,['Abstract'],SoFi,0.0,0.0,334.0,,,
Hydrometer Finance,['Base'],Dexs,0.0,0.0,0.0,,,
Emojicoin.fun,['Aptos'],Launchpad,0.0,361.0,3404.0,-98.67,-100.0,-99.84
Holdstation Swap,"['ZKsync Era', 'Berachain']",Dexs,0.0,83.0,1810.0,-100.0,-100.0,
Sonic Market OrderBook,['Sonic'],Dexs,0.0,0.0,0.0,,,
Molten V3,['CORE'],Dexs,0.0,0.0,2.0,,,
VinuNFT,['VinuChain'],NFT Marketplace,0.0,0.0,0.0,,,
LineHub V2,['Linea'],Dexs,0.0,0.0,0.0,,,
LineHub V3,['Linea'],Dexs,0.0,0.0,134.0,,,-100.0
Basin Exchange,"['Ethereum', 'Arbitrum']",Dexs,0.0,89.0,14762.0,,,-100.0
Loxodrome AMM,['IoTeX'],Dexs,0.0,2.0,614.0,,,-93.36
Dusa Protocol,['Massa'],Dexs,0.0,1532.0,6311.0,,,-100.0
IcecreamSwap V3,['CORE'],Dexs,0.0,0.0,0.0,,,
Soroswap,['Stellar'],Dexs,0.0,12936.0,12936.0,-100.0,,
Napier,"['OP Mainnet', 'Mantle', 'Avalanche', 'Fraxtal', 'Plume Mainnet', 'Hyperliquid L1', 'Base', 'Sonic', 'Polygon', 'BSC', 'Arbitrum', 'Ethereum']",Yield,0.0,226.0,226.0,,,
Ape Jupiter,['Solana'],Launchpad,0.0,0.0,0.0,,,
SparkDEX V2,['Flare'],Dexs,0.0,16.0,258.0,-100.0,,-100.0
Ducata,['Arbitrum'],Yield,0.0,0.0,0.0,,,
VanillaSwap V3,['DeFiChain EVM'],Dexs,0.0,2.0,82.0,-100.0,-100.0,
Showdown,['MegaETH'],Gaming,0.0,0.0,0.0,,,
Hotstuff Spot,['Hotstuff'],Dexs,0.0,0.0,320.0,,-100.0,
NextRare,['MegaETH'],Physical TCG,0.0,1100.0,15600.0,,,-100.0
Saturn Swap,['Cardano'],Dexs,0.0,25855.0,25855.0,,,
Uniswap Auctions,"['Ethereum', 'Unichain', 'Base', 'Arbitrum']",Launchpad,0.0,37726.0,75469.0,,-100.0,
Whales Market,"['Hyperliquid L1', 'Berachain', 'BSC', 'Base', 'Ethereum', 'Arbitrum', 'Mode', 'Avalanche', 'OP Mainnet', 'Linea', 'Taiko', 'Abstract', 'Scroll', 'ZKsync Era', 'Solana']",OTC Marketplace,0.0,0.0,83406.0,,,
Mangrove,"['Blast', 'Arbitrum']",Dexs,0.0,0.0,0.0,,,
Orbit Finance,['Solana'],Dexs,0.0,0.0,0.0,,,
Lotto Run,['Aptos'],Yield Lottery,0.0,0.0,0.0,,,
Parity DEX,['Monad'],Dexs,0.0,0.0,0.0,,,
Bunni V2,"['Ethereum', 'Arbitrum', 'Base', 'Unichain', 'BSC']",Dexs,0.0,0.0,0.0,,,
PiperX V3,['Data Network'],Dexs,0.0,0.0,10984.0,133.33,250.0,-99.99
Haedal AMM Protocol,['Sui'],Dexs,0.0,0.0,294.0,,,-100.0
Wasabee,['Berachain'],Dexs,0.0,0.0,0.0,,,
Degen Express,['Sonic'],Launchpad,0.0,0.0,0.0,,,
Tea-Fi,"['Ethereum', 'Polygon']",Yield,0.0,0.0,0.0,,,
InfinityPools,['Base'],Derivatives,0.0,0.0,0.0,,,
NOXA DEX V2,['Abstract'],Dexs,0.0,0.0,0.0,,,
Parity DEX CL,['Monad'],Dexs,0.0,161.0,681.0,-100.0,,-100.0
Viridian Exchange,['CORE'],Dexs,0.0,0.0,0.0,,,
Voltage V3,['Fuse'],Dexs,0.0,0.0,0.0,,,
MerlinSwap,['Merlin'],Dexs,0.0,0.0,3674.0,,,-100.0
Secured Finance Lending,"['Arbitrum', 'Ethereum', 'Filecoin']",Lending,0.0,0.0,255934.0,,,-100.0
Horiza,['Arbitrum'],Dexs,0.0,0.0,0.0,,,
WarpGate,['Immutable zkEVM'],Dexs,0.0,0.0,0.0,,,
Keller Finance V2,['Scroll'],Dexs,0.0,0.0,0.0,,,
Scopuly,['Stellar'],Dexs,0.0,572781.0,2050246.0,-100.0,-100.0,-100.0
Standard Protocol Mode,['Mode'],Dexs,0.0,0.0,96.0,,,
Mercury,['Hyperliquid L1'],Gamified Mining,0.0,0.0,0.0,,,
YourGrails,['Avalanche'],Physical TCG,0.0,450.0,4600.0,,,
Mintpad,['Cronos'],NFT Marketplace,0.0,340.0,1690.0,-99.59,,
FanVibe,['X Layer'],Prediction Market,0.0,0.0,0.0,,,
basedbid,"['Robinhood Chain', 'Ethereum', 'MegaETH', 'Base', 'BSC', 'Solana', 'Arc']",Launchpad,0.0,0.0,224.0,,,
Fjord V2,"['Ethereum', 'Polygon', 'Arbitrum', 'Avalanche', 'Base', 'Blast', 'BSC']",Launchpad,0.0,0.0,0.0,,,
FeeFree,"['Zora', 'Base', 'Scroll']",Dexs,0.0,0.0,0.0,,,
NLX Protocol,['CORE'],Derivatives,0.0,0.0,0.0,,,
Sonicxswap,['Sonic'],Dexs,0.0,0.0,0.0,,,
PepeTeam DEX,['Waves'],Dexs,0.0,0.0,0.0,,,
boop.fun,['Solana'],Launchpad,0.0,17.0,1537.0,,-99.06,-98.4
Junoswap.trade CLMM,['KUB'],Dexs,0.0,0.0,68.0,,,-100.0
Ready Card,['Starknet'],Crypto Card Issuer,0.0,0.0,0.0,,,
ArrowPad,['Robinhood Chain'],Launchpad,0.0,0.0,0.0,,,
SquadSwap V3,['BSC'],Dexs,0.0,0.0,0.0,,,
Monocerus,"['Avalanche', 'Manta']",Dexs,0.0,0.0,0.0,,,
Intrinsic,['Rootstock'],Dexs,0.0,0.0,0.0,,,
HookOS,"['Base', 'Hyperliquid L1', 'MegaETH', 'BSC', 'Ethereum', 'Robinhood Chain']",Launchpad,0.0,0.0,0.0,,,
Hyperlynx V2,['Hyperliquid L1'],Dexs,0.0,4.0,6.0,-55.0,-43.75,350.0
Overpass,['Solana'],Yield,0.0,125116.0,671170.0,-100.0,,
Garden,"['Ethereum', 'Bitcoin', 'Arbitrum', 'Base', 'Unichain', 'Berachain', 'Starknet', 'Hyperliquid L1', 'Corn', 'Sui', 'Solana', 'BSC', 'Monad', 'Litecoin', 'MegaETH', 'Citrea', 'Tron', 'Botanix']",Cross Chain Bridge,0.0,0.0,0.0,,,
HiveSwap V3,['MAP Protocol'],Dexs,0.0,4.0,235.0,,,
Omnidrome,['ZetaChain'],Dexs,0.0,0.0,0.0,,,
Astrolescent,['Radix'],Dexs,0.0,0.0,0.0,,,
Voodoo Trade Base,['Base'],Derivatives,0.0,0.0,0.0,,,
Xfai,['Linea'],Dexs,0.0,0.0,0.0,,,
ChimpX AI DEX,['Linea'],Dexs,0.0,0.0,59.0,,,
PlunderSwap V2,['Zilliqa'],Dexs,0.0,0.0,1325.0,,,
LuigiSwap,['Scroll'],Dexs,0.0,0.0,0.0,,,
YFX,['Arbitrum'],Derivatives,0.0,0.0,0.0,,,
Stratium Binary Options,['Hyperliquid L1'],Interface,0.0,0.0,132.0,,,
Defa By InvoiceMate,"['Ethereum', 'Stellar', 'ZIGChain', 'Starknet']",RWA,0.0,4013391.0,19760907.0,,,-100.0
TideSwap DEX,['Ink'],Dexs,0.0,0.0,0.0,,,
evently,['MegaETH'],Prediction Market,0.0,0.0,0.0,,,
b402,['Base'],Payments,0.0,0.0,0.0,,,
SecondSwap,"['Ethereum', 'Avalanche']",OTC Marketplace,0.0,0.0,0.0,,,
WarpX V3,['MegaETH'],Dexs,0.0,0.0,0.0,,,
Mondrian Swap,['Abstract'],Dexs,0.0,0.0,0.0,,,
PiperX V2,['Data Network'],Dexs,0.0,0.0,951.0,,,-100.0
Copump,"['Sophon', 'Taiko', 'Celo', 'Scroll', 'Soneium', 'Linea', 'CORE', 'Sonic', 'Morph']",Launchpad,0.0,0.0,0.0,,,
dexSWAP,['Arbitrum'],Dexs,0.0,0.0,0.0,,,
BlueMove DEX,"['Aptos', 'Sui']",Dexs,0.0,0.0,0.0,,,
CrescentSwap,['Arbitrum'],Dexs,0.0,0.0,1.0,,,-100.0
Velocore V2,['Linea'],Dexs,0.0,0.0,0.0,,,
Chronos V2,['Arbitrum'],Dexs,0.0,0.0,0.0,,,
Throne V3,['Base'],Dexs,0.0,0.0,0.0,,,
FlowX V2,['Sui'],Dexs,0.0,0.0,36991.0,,,
FrothSwap,['Robinhood Chain'],Dexs,0.0,0.0,0.0,,,
Hoodit,['Robinhood Chain'],Dexs,0.0,144.0,963.0,,,-100.0
DOTT,['Robinhood Chain'],Launchpad,0.0,0.0,0.0,,,
Hermes Trade,['Monad'],Prediction Market,0.0,4319.0,51246.0,,-100.0,-100.0
Grambo,['TON'],Launchpad,0.0,0.0,23.0,,,
Kinetix AMM V2,"['Base', 'Kava']",Dexs,0.0,0.0,0.0,,,
Kinetix AMM V3,"['Kava', 'Base']",Dexs,0.0,2.0,7.0,-54.55,-92.31,-61.54
Xena Finance,['Base'],Derivatives,0.0,0.0,0.0,,,
Primex Finance,"['Polygon', 'Arbitrum', 'Ethereum', 'Base']",Derivatives,0.0,0.0,0.0,,,
RobinLaunchpad,['Stable'],Launchpad,0.0,0.0,0.0,,,
KOLSwap,"['Robinhood Chain', 'BSC']",Dexs,0.0,0.0,0.0,,,
Based Alpha,['Robinhood Chain'],Launchpad,0.0,17.0,192.0,,,
AlienFi,['Arbitrum'],Dexs,0.0,0.0,47.0,,,-100.0
MantisSwap,"['Polygon', 'Polygon zkEVM', 'Mode']",Dexs,0.0,2.0,30109.0,,,
SatoshiCoreSwap,['CORE'],Dexs,0.0,0.0,0.0,,,
AirSwap,"['BSC', 'Ethereum', 'Avalanche', 'Polygon', 'Arbitrum']",DEX Aggregator,0.0,0.0,0.0,,,
Arbitrum Exchange V3,['Arbitrum'],Dexs,0.0,0.0,0.0,,,
Sudoswap V2,"['Ethereum', 'Arbitrum', 'Base']",NFT Marketplace,0.0,2554.0,18159.0,-100.0,-100.0,
Unibot,['Ethereum'],Telegram Bot,0.0,0.0,0.0,,,
PegaSys V3,['Rollux'],Dexs,0.0,0.0,0.0,,,
flowr,['Robinhood Chain'],Gamified Mining,0.0,0.0,0.0,,,
IMF,['Robinhood Chain'],Launchpad,0.0,0.0,0.0,,,
Peeps,['Robinhood Chain'],Launchpad,0.0,0.0,0.0,,,
Prynt,['Robinhood Chain'],Launchpad,0.0,0.0,0.0,,,-100.0
FusionX V3,['Mantle'],Dexs,0.0,0.0,0.0,,,
Althea DEX,['Althea'],Dexs,0.0,0.0,7.0,,,
DFlow Prediction Market,['Solana'],Interface,0.0,0.0,0.0,,,
Wildcard Games,['Robinhood Chain'],Luck Games,0.0,0.0,0.0,,,
Openlaunch,['Stable'],Dexs,0.0,0.0,0.0,,,
CRSHMARKET,['Monad'],Prediction Market,0.0,0.0,66717.0,,,-100.0
HoodMint,['Robinhood Chain'],Launchpad,0.0,0.0,119.0,,,
Omax Swap,['Omax'],Dexs,0.0,0.0,0.0,,,
Obric,['Solana'],Dexs,0.0,0.0,0.0,,,
HiveSwap V2,['MAP Protocol'],Dexs,0.0,5.0,411.0,,,
ZyberSwap Stableswap,['Arbitrum'],Dexs,0.0,799.0,2257.0,,,
Ashswap,['MultiversX'],Dexs,0.0,0.0,0.0,,,
Subzero ZSwap,['Avalanche'],Dexs,0.0,0.0,4.0,,-100.0,
Tetu Swap,['Polygon'],Yield,0.0,0.0,0.0,,,
Prismapad,['Stable'],Launchpad,0.0,0.0,0.0,,,
AxiumPass,"['Base', 'OP Mainnet', 'Avalanche', 'BSC', 'Polygon', 'Arbitrum']",Payments,0.0,0.0,0.0,,,
BowYard,['Robinhood Chain'],Launchpad,0.0,0.0,0.0,,,
Archly V1,['Telos'],Dexs,0.0,0.0,0.0,,,
ABcDeFX,"['Kava', 'KCC', 'Fantom']",Dexs,0.0,0.0,0.0,,,
Swaap Maker V1,['Polygon'],Dexs,0.0,0.0,46.0,,,-100.0
MerryForge,['Robinhood Chain'],Launchpad,0.0,0.0,34.0,,-100.0,
Mesha,['Robinhood Chain'],Derivatives,0.0,0.0,59.0,,,
Holyheld Card,"['Gnosis', 'Arbitrum', 'OP Mainnet', 'Polygon', 'Ethereum', 'Base', 'BSC', 'Avalanche', 'ZKsync Era']",Crypto Card Issuer,0.0,0.0,0.0,,,
CurrentX V3,['MegaETH'],Dexs,0.0,0.0,0.0,,,
FastJPEG,['Base'],Launchpad,0.0,0.0,0.0,,,
SMARDEX USDN,['Ethereum'],Basis Trading,0.0,95364.0,1194118.0,-100.0,,
Volta Markets,['CORE'],Derivatives,0.0,0.0,0.0,,,
Moai V2,['XRPL EVM'],Dexs,0.0,0.0,0.0,,,
Moai V3,['XRPL EVM'],Dexs,0.0,0.0,5.0,,,
1776.MEME,['Ethereum'],Launchpad,0.0,0.0,0.0,,,
YeiSwap,['Sei'],Dexs,0.0,0.0,0.0,,,
CurrentX V2,['MegaETH'],Dexs,0.0,0.0,0.0,,,
Snap V3,['TAC'],Dexs,0.0,0.0,1613.0,,-100.0,
OctoSwap CL,['Monad'],Dexs,0.0,0.0,0.0,,,
Fluid DEX Lite,['Ethereum'],Dexs,0.0,0.0,1084639.0,,,-100.0
Spartacus Exchange,['Fantom'],Dexs,0.0,0.0,0.0,,,
Koyo Finance,['Boba'],Dexs,0.0,3.0,44.0,,,-98.02
AuraSwap,['Polygon'],Dexs,0.0,0.0,0.0,,,
Surfswap Classic,['Kava'],Dexs,0.0,0.0,0.0,,,
MM Stableswap Polygon,['Polygon'],Dexs,0.0,0.0,27.0,,,
Stratabook,['Solana'],Dexs,0.0,2.0,3.0,,,
SquadSwap Thanos,"['Base', 'BSC']",Dexs,0.0,12.0,6527.0,,,-100.0
DOOAR V3,['Polygon'],Dexs,0.0,0.0,0.0,,,
Rujira Trade,['THORChain'],Dexs,0.0,750101.0,6744040.0,,-100.0,-100.0
Fake Wall Street,['Robinhood Chain'],Luck Games,0.0,0.0,0.0,,,
Lyra Protocol,['Ethereum'],Trading App,0.0,0.0,1505471.0,,,-100.0
Sushi Trident,"['Metis', 'OP Mainnet', 'Polygon', 'BSC', 'Arbitrum', 'Avalanche', 'Bittorrent', 'Kava']",Dexs,0.0,0.0,0.0,,,
iZiSwap,"['BSC', 'Aurora', 'ZKsync Era', 'OntologyEVM', 'Ultron', 'Mantle', 'Meter', 'Scroll', 'Linea', 'Polygon', 'Arbitrum', 'Base', 'Manta', 'ZetaChain', 'Mode', 'IoTeX', 'Hemi', 'Monad']",Dexs,0.0,0.0,176741.0,,,-100.0
OPX Finance,['OP Mainnet'],Derivatives,0.0,0.0,0.0,,,
Pandora Swap,"['BSC', 'Astar']",Dexs,0.0,0.0,0.0,,,
Hummus AMM,['Metis'],Dexs,0.0,0.0,0.0,,,
GrowStreams,['Vara'],Payments,0.0,0.0,0.0,,,
Tempest,['Ethereum'],Dexs,0.0,5181967.0,37204699.0,,-100.0,-100.0
RHEA Cross Chain,['Near'],Cross Chain Bridge,0.0,0.0,0.0,,,
Megaswap,['MegaETH'],Dexs,0.0,0.0,0.0,,,
Juiceswap,['Citrea'],Dexs,0.0,0.0,0.0,,,
Chapool,['opBNB'],Physical TCG,0.0,0.0,0.0,,,
Nexapia,['Flare'],Dexs,0.0,0.0,0.0,,,
HyperBrick,['Hyperliquid L1'],Dexs,0.0,47.0,15142.0,-100.0,,-100.0
Orca Wavebreak,['Solana'],Launchpad,0.0,35.0,101.0,,,
Omni Exchange V3,"['OP Mainnet', 'Arbitrum', 'Base', 'BSC', 'Avalanche', 'Sonic', 'Plasma']",Dexs,0.0,0.0,292.0,,0.0,-99.96
SolFi V1,['Solana'],Dexs,0.0,0.0,0.0,,,
HYPERSTITIONS,['Monad'],Prediction Market,0.0,0.0,0.0,,,
Anome,['BSC'],NFT Marketplace,0.0,0.0,1.0,,,
WarpX V2,['MegaETH'],Dexs,0.0,0.0,0.0,,,
Swyrl Legacy,['Monad'],Dexs,0.0,0.0,0.0,,,
Latch Protocol,"['Base', 'Robinhood Chain']",Dexs,0.0,0.0,0.0,,,
frenlaunch,"['Arc', 'Robinhood Chain']",Launchpad,0.0,0.0,4.0,,,
Peddles,"['Base', 'Robinhood Chain']",Launchpad,0.0,4534.0,4534.0,-100.0,,
Story.fun,['Robinhood Chain'],Launchpad,0.0,34.0,34.0,,,
MistSwap,['smartBCH'],Dexs,0.0,0.0,0.0,,,
SpinUp Launchpad,['Hyperliquid L1'],Launchpad,0.0,0.0,250.0,,,
Sablier Legacy,['Ethereum'],Payments,0.0,396.0,965.0,,-100.0,
PixelDeed,['Robinhood Chain'],NFT Marketplace,0.0,0.0,99.0,,,
Archade,['Solana'],Launchpad,0.0,0.0,26181.0,,,-100.0
Clipper,"['OP Mainnet', 'Ethereum', 'Polygon', 'Moonbeam', 'Arbitrum', 'Polygon zkEVM', 'Base', 'Mantle']",Dexs,0.0,0.0,2.0,,,
CarbonSwap,['EnergyWeb'],Dexs,0.0,8.0,8.0,,,
AethonSwap,['Monad'],Dexs,0.0,0.0,0.0,,,
BenSwap,"['smartBCH', 'BSC']",Dexs,0.0,0.0,0.0,,,
Fox Brokers,['Robinhood Chain'],Launchpad,0.0,0.0,104.0,,,
Hot Take,['Base'],Prediction Market,0.0,448.0,452.0,-100.0,-100.0,
BXH,"['BSC', 'Ethereum', 'Avalanche']",Dexs,0.0,0.0,19.0,,,
DaWabLauncher,['Robinhood Chain'],Launchpad,0.0,4.0,56.0,,,
Balanced Exchange,['Icon'],Dexs,0.0,0.0,43329.0,,,-100.0
Pinot V3,['Monad'],Dexs,0.0,0.0,0.0,,,
Madness Finance,['Monad'],Dexs,0.0,0.0,0.0,,,
Symmetric,"['Gnosis', 'Telos', 'Celo']",Dexs,0.0,22.0,40.0,-100.0,,
Lunya Launchpad,['Arc'],Launchpad,0.0,287.0,67826.0,-100.0,,
Surged,['Arc'],Launchpad,0.0,1.0,39580.0,-100.0,-100.0,
Sashimi.fun,['Arc'],Launchpad,0.0,29.0,33831.0,,,
CircleWarp,['Arc'],Launchpad,0.0,51.0,567.0,,-100.0,
Wonk Fun,['Arc'],Launchpad,0.0,2007.0,3872991.0,-100.0,-100.0,
Aquifer,['Solana'],Dexs,0.0,0.0,0.0,,,
Elix.fi,['Somnia'],Dexs,0.0,0.0,0.0,,,
Rain,['Arbitrum'],Prediction Market,0.0,0.0,65023.0,,,
FlowSwap V2,['Flow'],Dexs,0.0,0.0,0.0,,,
Shroomy Protocol Swap,['Ink'],Dexs,0.0,0.0,0.0,,,
KyberSwap Classic,"['Ethereum', 'Polygon', 'BSC', 'Avalanche', 'Fantom', 'Cronos', 'Arbitrum', 'Aurora', 'OP Mainnet', 'ZKsync Era', 'Linea', 'Scroll']",Dexs,,,,,,
Shell Protocol,['Arbitrum'],Dexs,,,,,,
Serum,['Solana'],Dexs,,,,,,
IDEX Classic,"['BSC', 'Ethereum', 'Polygon']",Dexs,,,,,,
Energiswap,['Energi'],Dexs,,,,,,
ZilSwap,['Zilliqa'],Dexs,,,,,,
ViperSwap,['Harmony'],Dexs,,,159.0,,,
DFX V2,"['Ethereum', 'Polygon']",Dexs,,,,,,
MakiSwap,['Heco'],Dexs,,,,,,
PaintSwap on Fantom,"['Fantom', 'Sonic']",Dexs,,,,,,
KuSwap,['KCC'],Dexs,,,,,,
Plenty,['Tezos'],Dexs,,,,,,
Terraswap,['Terra Classic'],Dexs,,,,,,
QuipuSwap V1,['Tezos'],Dexs,,,,,,
CherrySwap,['OKTChain'],Dexs,,,,,,
Solarbeam,['Moonriver'],Dexs,,,,,,
Defi Kingdoms,['Harmony'],Dexs,,,84.0,,,
Allbridge Classic,"['BSC', 'Ethereum', 'Heco', 'Stellar', 'Avalanche', 'Polygon', 'Solana', 'Celo', 'Fantom', 'Kaia', 'Aurora', 'Near', 'Terra Classic', 'Tezos', 'Harmony', 'Waves', 'Fuse', 'Stacks']",Bridge,,,,,,
Huckleberry AMM,"['Moonriver', 'CLV']",Dexs,,,,,,
UniFi,"['OntologyEVM', 'Icon', 'Harmony', 'Bittorrent', 'BSC', 'IoTeX', 'Ethereum', 'Avalanche', 'Polygon', 'Tron']",Dexs,,,,,,
JSwap,['OKTChain'],Dexs,,,,,,
Chainge Finance,['Fusion'],Dexs,,,,,,
TTswap,['ThunderCore'],Dexs,,,,,,
Kaidex,['Kardia'],Dexs,,,,,,
Polkaswap,['Sora'],Dexs,,,,,,
Synthetify,['Solana'],Synthetics,,,,,,
Aldrin,['Solana'],Dexs,,,,,,
ZigZag,['ZKsync Lite'],Dexs,,,,,,
Glide Finance,['Elastos'],Dexs,,,,,,
LumenSwap,['Stellar'],Dexs,,,,,,
4Swap,['Mixin'],Dexs,,,,,,
Vexchange,['VeChain'],Dexs,,,,,,
YokaiSwap,"['Godwoken', 'GodwokenV1']",Dexs,,,,,,
WagyuSwap,['Velas'],Dexs,,,,,,
Soy Finance,['Callisto'],Dexs,,,,,,
Astroport Classic,['Terra Classic'],Dexs,,,,,,
ErgoDEX,"['Ergo', 'Cardano']",Dexs,,,,,,
ExinSwap,['Mixin'],Dexs,,,,,,
OpenLeverage,"['BSC', 'Ethereum', 'KCC']",Dexs,,,0.0,,,
VoltSwap,['Meter'],Dexs,,,5964.0,,,
Spartan,['BSC'],Dexs,,,,,,
Saros AMM,['Solana'],Dexs,,,,,,
Solarflare,['Moonbeam'],Dexs,,,,,,
StellaSwap V2,['Moonbeam'],Dexs,,,,,,
BeamSwap Classic,['Moonbeam'],Dexs,,,,,,
AstroSwap,['Velas'],Dexs,,,,,,
Crema Finance,['Solana'],Dexs,,,,,,
ClaimSwap V1,['Kaia'],Dexs,,,,,,
Penguin,['Solana'],Dexs,,,,,,
Humble Defi,['Algorand'],Dexs,,,,,,
FairySwap V1,['Findora'],Dexs,,,,,,
Hydradex V2,['Hydra'],Dexs,,,,,,
Invariant,"['Solana', 'Eclipse']",Dexs,,,,,,
SharkSwap,['SX Network'],Dexs,,,,,,
Acala Swap,['Acala'],Dexs,,,,,,
OpenBiSea,['DChain'],Dexs,,,,,,
Moon Swap,['Conflux'],Dexs,,,,,,
Yodeswap,['Dogechain'],Dexs,,,,,,
Canto Dex,['Canto'],Dexs,,,,,,
Lif3 Swap,['Tombchain'],Dexs,,,,,,
Junoswap,['Juno'],Dexs,,,,,,
VanSwap,['Vision'],Dexs,,,,,,
Algofi Swap,['Algorand'],Dexs,,,,,,
OKCSwap,['OKTChain'],Dexs,,,,,,
PYEswap,['BSC'],Dexs,,,,,,
Wojak Finance,['Dogechain'],Dexs,,,,,,
Capricorn Finance,['Cube'],Dexs,,,,,,
VoltSwap V2,['Meter'],Dexs,,,26557.0,,,
MarginX DEX,['FunctionX'],Dexs,,,,,,
Zircon Gamma,['Moonriver'],Dexs,,,,,,
Lifinity V1,['Solana'],Dexs,,,,,,
TempleDAO Trade,['Ethereum'],Dexs,,,,,,
AUX Exchange,['Aptos'],Dexs,,,,,,
Wavelength DAO,['Velas'],Dexs,,,,,,
MetaTdex,"['BSC', 'Heco', 'Polygon']",Dexs,,,,,,
Step Exchange,['Step'],Dexs,,,,,,
OpenBook,['Solana'],Dexs,,,,,,
10KSwap,['Starknet'],Dexs,,,,,,
El Dorado Exchange,"['BSC', 'Arbitrum']",Derivatives,,,,,,
Mummy Finance,"['Fantom', 'OP Mainnet']",Derivatives,,,,,,
mySwap V1,['Starknet'],Dexs,,,,,,
Syrup Finance,['BSC'],Derivatives,,,,,,
Maximus,['Fantom'],Dexs,,,,,,
DPEX,['Polygon'],Derivatives,,,,,,
OnePunchSwap,['BSC'],Dexs,,,,,,
Megaton Finance,['TON'],Dexs,,,,,,
Clober V1,"['Ethereum', 'Polygon zkEVM', 'Polygon', 'Arbitrum']",Dexs,,,,,,
VeniceSwap,['Findora'],Dexs,,,,,,
PancakeSwap AMM V1,['BSC'],Dexs,,,,,,
BeamSwap Stable AMM,['Moonbeam'],Dexs,,,,,,
Surfswap Stable AMM,['Kava'],Dexs,,,,,,
KyberSwap Elastic,"['BSC', 'Ethereum', 'Avalanche', 'Polygon', 'Arbitrum', 'Fantom', 'OP Mainnet', 'Linea', 'Base', 'Scroll']",Dexs,,,,,,
Lighter V1,['Arbitrum'],Dexs,,,,,,
PonytaSwap,['Rangers'],Dexs,,,,,,
Velocimeter V2,['Canto'],Dexs,,,,,,
WEMIX Full Range Deposit,['WEMIX3.0'],Dexs,,,,,,
SithSwap,['Starknet'],Dexs,,,,,,
Swapline V1,"['Fantom', 'OP Mainnet', 'ShimmerEVM', 'Arbitrum']",Dexs,,,,,,
Persistence DEX,['Persistence One'],Dexs,,,,,,
Hadouken AMM,['GodwokenV1'],Dexs,,,,,,
Sharpe Magnum,['Ethereum'],Yield,,,,,,
Auragi Finance,['Arbitrum'],Dexs,,,,,,
Aktionariat,"['Ethereum', 'OP Mainnet', 'Polygon']",RWA,,,,,,
Forge,['Evmos'],Dexs,,,,,,
Dove Swap V3,['Polygon zkEVM'],Dexs,,,,,,
SpaceDex,"['BSC', 'Arbitrum']",Derivatives,,,,,,
MERLIN DEX,['ZKsync Era'],Dexs,,,,,,
Noah Swap,['EOS EVM'],Dexs,,,,,,
Tealswap V2,['Oasys'],Dexs,,,,,,
SMBSwap V3,['BSC'],Dexs,,,,,,
PheasantSwap,['ENULS'],Dexs,,,,,,
Veax CLMM,['Near'],Dexs,,,,,,
StellaSwap V3,['Moonbeam'],Dexs,,,,,,
CroSwap,['Cronos'],Dexs,,,,,,
FXDX,"['OP Mainnet', 'Base']",Derivatives,,,,,,
Dexter Exchange,['Tezos'],Dexs,,,,,,
Fathom AMM,['XDC'],Dexs,,,,,,
Heraswap,['Onus'],Dexs,,,,,,
MiaSwap,['Onus'],Dexs,,,,,,
BeamSwap V3,['Moonbeam'],Dexs,,,,,,
Litx,"['BSC', 'PulseChain']",Dexs,,,,,,
Concordex,['Concordium'],Dexs,,,,,,
Equity,['Fantom'],Derivatives,,,,,,
Pinnako,['ZKsync Era'],Derivatives,,,,,,
Sobal,"['Neon', 'Base']",Dexs,,,286.0,,,
Reax Swaps,['Mantle'],Dexs,,,,,,
DeepBook V2,['Sui'],Dexs,,,,,,
FCON DEX,['Mantle'],Dexs,,,,,,
TanX.fi,['Ethereum'],Dexs,,,,,,
Sweep n Flip,"['Ethereum', 'ApeChain', 'Arbitrum', 'Base', 'Hyperliquid L1', 'Monad', 'Polygon', 'Berachain', 'Abstract', 'Ronin']",NFT Marketplace,,0.0,0.0,,,
Kinetix Derivatives,['Kava'],Derivatives,,,,,,
Nether.Fi,['Base'],Derivatives,,,,,,
Tegro,"['Ethereum', 'Polygon', 'BSC', 'Avalanche', 'Arbitrum']",Dexs,,,,,,
MagicSea AMM,['ShimmerEVM'],Dexs,,,,,,
TangleSwap,['ShimmerEVM'],Dexs,,,0.0,,,
BLEX,['Arbitrum'],Derivatives,,,,,,
CaviarNine Shape Liquidity,['Radix'],Dexs,,,0.0,,,
DX25,['MultiversX'],Dexs,,,,,,
CaviarNine LSU Pool,['Radix'],Dexs,,,1718.0,,,
CandySwap,['MEER'],Dexs,,,,,,
Elektrik,['LightLink'],Dexs,,,,,,
Amped Finance,"['LightLink', 'BSC', 'Sonic', 'Berachain', 'Base', 'Superseed']",Derivatives,,,,,,
Ascent Exchange V1,['Horizen EON'],Dexs,,,,,,
Ascent Exchange V3,['Horizen EON'],Dexs,,,,,,
StarkDeFI,['Starknet'],Dexs,,,,,,
mySwap CL,['Starknet'],Dexs,,,,,,
Ryze.Fi,['Arbitrum'],Derivatives,,,,,,
KIM Exchange V1,['Mode'],Dexs,,,,,,
JIBSWAP,['JBC'],Dexs,,,0.0,,,
Cleopatra CL,['Mantle'],Dexs,,,,,,
Lexer Markets,['Arbitrum'],Derivatives,,,,,,
Econia,['Aptos'],Dexs,,,,,,
JediSwap V2,['Starknet'],Dexs,,,,,,
Rockswap,['Bitrock'],Dexs,,,,,,
Gaming DEX,"['Oasys', 'DeFiVerse']",Dexs,,,,,,
Moraswap V3,['Neon'],Dexs,,,0.0,,,
Glyph V2,['CORE'],Dexs,,,769.0,,,
savmSwap,['SatoshiVM'],Dexs,,,,,,
Web3.world,['Venom'],Dexs,,3747.0,19454.0,,,
zkLite Exchange,['ZKsync Lite'],Dexs,,,,,,
Helix Markets,['ICP'],Dexs,,,,,,
Fjord V1,"['Ethereum', 'Polygon', 'Arbitrum']",Launchpad,,,,,,
Ape.Store,"['Base', 'Ethereum']",Launchpad,,,,,,
Equation V3,['Arbitrum'],Derivatives,,,,,,
Pearl V2,['re.al'],Dexs,,,,,,
C3 Exchange,"['Algorand', 'Avalanche', 'Bitcoin', 'Ethereum', 'Arbitrum', 'BSC', 'Solana']",Cross Chain Bridge,,,,,,
YFX V4,"['Arbitrum', 'Base']",Derivatives,,,,,,
Polkadex,['Polkadex'],Dexs,,,,,,
Physica Finance,['Planq'],Dexs,,,,,,
stabble Stableswap,['Solana'],Dexs,,,2433411.0,,,
BladeSwap CL,['Blast'],Dexs,,,,,,
Jellyverse,['Sei'],Dexs,,,307.0,,,
MintSwap Finance,['Mint'],Dexs,,,,,,
Xei Finance,['Sei'],Dexs,,,,,,
Molten V4,['CORE'],Dexs,,,1819.0,,,
Kriya CLMM,['Sui'],Dexs,,,,,,
FWX DEX,"['Avalanche', 'Base']",Dexs,,,,,,
seiyan fun,['Sei'],Launchpad,,,,,,
CaviarNine Agg,['Radix'],DEX Aggregator,,,0.0,,,
GMX V1 AMM,"['Arbitrum', 'Avalanche']",Dexs,,,,,,
Drift AMM,['Solana'],Dexs,,,,,,
Metavault AMM,['Polygon'],Dexs,,,,,,
Orderly AMM,['Near'],Dexs,,,,,,
Level AMM,"['BSC', 'Arbitrum']",Dexs,,,,,,
GasPump,['TON'],Launchpad,,,,,,
Renegade,"['Arbitrum', 'Base']",Dexs,,,,,,
Morphex V2 AMM,"['BSC', 'Fantom']",Dexs,,,,,,
Vertex AMM,"['Arbitrum', 'Mantle', 'Sei', 'Base', 'Sonic', 'Avalanche']",Dexs,,,,,,
PixelSwap (PIX),['TON'],Dexs,,,,,,
KTX spot,"['BSC', 'Mantle', 'Arbitrum']",Dexs,,,,,,
Mango Markets V4 AMM,['Solana'],Dexs,,,,,,
Beamex AMM,['Moonbeam'],Dexs,,,,,,
Grizzly Trade AMM,['BSC'],Dexs,,,,,,
BMX Classic AMM,"['Base', 'Mode']",Dexs,,,,,,
Blitz AMM,['Blast'],Dexs,,,,,,
Elixir,['Base'],Yield,,,,,,
Metavault AMM V2,"['Linea', 'Scroll']",Dexs,,,,,,
Quickswap Hydra,"['Polygon zkEVM', 'Manta']",Dexs,,,,,,
Swap Country,['Harmony'],Dexs,,,10586.0,,,
MITTE,['Near'],NftFi,,,,,,
Microchain,['Fuel Ignition'],Dexs,,,,,,
Pearl V1.5,['re.al'],Dexs,,,,,,
KYEX,['ZetaChain'],Dexs,,,,,,
ThalaSwap V2,['Aptos'],Dexs,,,,,,
Solar Dex,['Eclipse'],Dexs,,,,,,
V12,['Fuel Ignition'],Dexs,,,,,,
RFX Exchange V1,['ZKsync Lite'],Derivatives,,,,,,
Catton,['TON'],CDP,,,,,,
Catalist DEX,['Endurance'],Dexs,,,,,,
Wagmi Memepad,['TON'],Launchpad,,,,,,
Taraswap,['Taraxa'],Dexs,,,,,,
BigPump,['TON'],Launchpad,,,,,,
Blum,['TON'],Launchpad,,,,,,
Duality,['Neutron'],Dexs,,,,,,
TON Pump,['TON'],Telegram Bot,,,,,,
UtyabSwap,['TON'],Dexs,,,,,,
NEBY DEX,['Oasis Sapphire'],Dexs,,,,,,
Mantis,"['Solana', 'Ethereum']",Dexs,,,,,,
Sonic Market AMM,['Sonic'],Dexs,,,,,,
KongSwap,['ICP'],Dexs,,,,,,
Elys DEX,['Elys'],Dexs,,,,,,
dappOS IntentEX,['opBNB'],Dexs,,,,,,
Verus Market,['Verus'],Dexs,,,,,,
O.LAB,['Base'],Prediction Market,,,,,,
ArtexSwap,['Artela'],Dexs,,,,,,
XPress Protocol,['Sonic'],Dexs,,,,,,
waveX,['Soneium'],Derivatives,,,,,,
Penumbra Dex,['Penumbra'],Dexs,,,,,,
Beralis V3,['Berachain'],Dexs,,,,,,
Bulla Exchange,['Berachain'],Dexs,,,,,,
Story Hunt,['Data Network'],Dexs,,,,,,
StellaSwap V4,['Moonbeam'],Dexs,,,,,,
STEAMM,['Sui'],Dexs,,,228248.0,,,
Fibonacci Dex,['Form Network'],Dexs,,,,,,
Puppyfun,['BSC'],Launchpad,,,3.0,,,
Gacha Markets,['Abstract'],Prediction Market,,,,,,
Umbra,['Eclipse'],Dexs,,,,,,
JustBet,['WINR Chain'],Luck Games,,,,,,
Sandglass,"['Solana', 'Eclipse']",Yield,,,,,,
GooseFX V2,['Solana'],Dexs,,,,,,
Interest Protocol Stable Swap,['Sui'],Dexs,,,,,,
Razor DEX,['Movement'],Dexs,,,,,,
Interest Curve,"['Sui', 'Movement']",Dexs,,,,,,
Titan Dex,['TON'],Dexs,,,,,,
Haven1 hSwap,['Haven1'],Dexs,,,,,,
Swaps.io,"['Ethereum', 'Base', 'BSC', 'OP Mainnet', 'Blast', 'Polygon', 'Avalanche', 'Arbitrum', 'Gnosis', 'Sonic']",Bridge,,,,,,
Permute,"['Bitcoin', 'Ethereum', 'Tron', 'Solana', 'Avalanche', 'Arbitrum', 'Litecoin', 'Bitcoincash', 'BSC', 'Doge', 'Berachain']",Bridge,,,,,,
Oxium,['Sei'],Dexs,,,,,,
Tapp Exchange,['Aptos'],Dexs,,,,,,
Arch Swap,['Botanix'],Dexs,,,,,,
EagleFi,['Massa'],Dexs,,,,,,
CobaltX,"['Soon Network', 'soonBase', 'svmBNB']",Dexs,,,0.0,,,
Prophet.fun,['Solana'],Prediction Market,,,,,,
Omni Exchange Flux,"['Sonic', 'Avalanche', 'BSC', 'Arbitrum', 'OP Mainnet', 'Base', 'Plasma']",Dexs,,,,,,
KuraSwap CL,['Sei'],Dexs,,,,,,
KuraSwap Legacy,['Sei'],Dexs,,,,,,
Earnium,['Aptos'],Dexs,,,,,,
Aqua,['Solana'],Telegram Bot,,,,,,
BabyDoge Algebra,['BSC'],Dexs,,,2.0,,,
PacaSwap DEX,['Pacaswap'],Dexs,,,276860.0,,,
Coinhain,['BSC'],Dexs,,,,,,
Rush,['Solana'],Telegram Bot,,,,,,
Capx AI,['Capx Chain'],AI Agents,,,,,,
Prism DEX,['MegaETH'],Dexs,,,100129.0,,,
SomeSwap AMM,['Monad'],Dexs,,,,,,
stabble CLMM,['Solana'],Dexs,,,,,,
Fwog.fun,['Solana'],Launchpad,,,,,,
DeltaDeFi,['Cardano'],Dexs,,,,,,
FrenFlow,['Polygon'],Prediction Market,,,5213.0,,,
Phlox,['LUKSO'],Dexs,,,,,,
Tsunami V3,['Ink'],Dexs,,,,,,
Land Bid,['Base'],Gamified Mining,,,,,,
Delphi,['Gensyn'],Prediction Market,,,,,,
Durianfun AMM,['KUB'],Dexs,,0.0,0.0,,,
Kiyotaka Prediction Market,['Polygon'],Interface,,,,,,
PolyHelper Predictions,['Polygon'],Interface,,,,,,
PolyCop Predictions,['Polygon'],Interface,,800955.0,4776149.0,,,
Fibo,['Base'],Prediction Market,,,,,,
Liquidiction,['Hyperliquid L1'],Interface,,,,,,
SmartX,['Polygon'],Interface,,,155863.0,,,
BetterSwap V3,['VeChain'],Dexs,,19724.0,148506.0,,,
Virae,['Polygon'],Interface,,184.0,5150.0,,,
